
// File generated by darts version U-2022.12#3eec2545bc#230622, Mon Jul 14 15:04:22 2025
// Copyright 2014-2022 Synopsys, Inc. All rights reserved.
// darts -I/tools/Xilinx/Vitis/2023.2/aietools/data/versal_prod/lib -d -h -I/tools/Xilinx/Vitis/2023.2/aietools/include -I/home/dwharker/mlir-aie/install/include -I/tools/Xilinx/Vitis/2023.2/aietools/data/versal_prod/lib/runtime_cxx/libcxx-lite/include -I/tools/Xilinx/Vitis/2023.2/aietools/data/versal_prod/lib/runtime_cxx/libs/libcxx-9.0.0/include-lite -I/tools/Xilinx/Vitis/2023.2/aietools/data/versal_prod/lib/runtime/include -D__AIENGINE__ -D__AIE_ARCH__=10 -D__AIEARCH__=10 -Di16_i32_ONLY -DDIM_M=32 -DDIM_K=32 -DDIM_N=32 -D__tct_tgt__=230622 -L +Ihex +nanno mm.o me

// Release: ipp U-2022.12-TGT-230622
.undef global data _ZN12me_primitive3ss0E


.undef global data _ZN12me_primitive3ms0E


.undef global data _ZN12me_primitive4sst0E


.undef global data _ZN12me_primitive4ssc0E


.undef global data _ZN12me_primitive5wsst0E


.undef global data _ZN12me_primitive4msc0E


.undef global data _ZN12me_primitive3ss1E


.undef global data _ZN12me_primitive3ms1E


.undef global data _ZN12me_primitive4sst1E


.undef global data _ZN12me_primitive4ssc1E


.undef global data _ZN12me_primitive5wsst1E


.undef global data _ZN12me_primitive4msc1E


.undef global data ZERO

.undef global data ONES

.text_segment_name
.text global 16 matmul_i16_i32
.function_start
	     0    0x38 0x00 0x18 0xc0 0x20 0x00 0x01 0x2c 0x08 0x06 0xf2 0xdf                      MOV.s10 r0, #0;     MOV.s9 r8, #1;      NOP;                          MOV.s12 m0, #704;             MOV cl3, p7
	    12    0x30 0x40 0x04 0x48 0x09 0x00 0x44 0x04 0x00 0x32 0x10 0x3f                      MOV.s10 m0, #256;   PADDB [sp], m0;                                   MOV.s12 m2, #512;             MOV.u20 ch0, #12816;          NOP
	    24    0x31 0xc0 0x19 0xc0 0x40 0x80 0x00 0x04 0x82 0x40 0x00 0x3f                      MOV.s10 m1, #-256;  MOV.s9 r9, #2;                                    EVENT #0;                     MOV.u20 cl1, #131072;         NOP
	    36    0x00 0x00 0x1c 0xc0 0x4c 0x90 0x46 0x05 0x80 0x44 0x04 0x3f                      NOP;                MOV.s9 r12, #2;                                   MOV.s12 m3, #-1760;           MOV.u20 ch1, #394244;         NOP
	    48    0x00 0x00 0x18 0xc0 0x05 0x01 0x00 0x00 0x10 0x03 0x21 0x3f                      NOP;                MOV.s9 r8, #0;                                    ADD.NRM s0, r8, #0;           MOVT.s12 ch0, #801;           NOP
	    60    0x80 0x00 0x00 0x40 0x28 0x40 0x07 0xf7                                                                                  NOP;                                                        MOV.u20 cl2, #1024;           NOP
	    68    0x08 0x04 0x18 0x03                                                              NOP;                                                                                                MOV cl0, ch0
	    72    0x80 0x00 0x00 0x40 0x08 0x04 0x47 0xf7                                                                                  NOP;                                                        MOV.u20 ch2, #68;             NOP
	    80    0x80 0x00 0x00 0x40 0x40 0x09 0x07 0xf7                                                                                  NOP;                                                        MOV.u20 cb0, #(TGT_Fmatmul_i16_i32_144 + 0);NOP
	    88    0x80 0x00 0x00 0x01 0x24 0x02 0x07 0xf7                                                                                  NOP;                                                        MOVT.s12 cl1, #32;            NOP
	    96    0x80 0x00 0x00 0x01 0x04 0x06 0x07 0xf7                                                                                  NOP;                                                        MOVT.s12 ch1, #96;            NOP
.noswbrkpt
	   104    0x08 0x84 0x86 0x8a 0xd4 0x02 0x00 0x77                                          PADDA [p2], m2;                         PADDS [p0], m0;                                             MOV p3, p0
.nohwbrkpt
.noswbrkpt
	   112    0x06 0xa2 0xc6 0xab 0xc0 0x00 0x00 0x77                                          VLDA wr1, [p3], #32;                                                  NOP;                          MOV p7, p2
.nohwbrkpt
.noswbrkpt
	   120    0x1a 0xa2 0xc6 0x8b 0x00 0x00 0x00 0x77                                          VLDA wd0, [p3], #32;                                                  NOP;                          MOV p4, p0
.nohwbrkpt
.noswbrkpt
	   128    0x02 0xa2 0xc5 0x51 0x90 0x00 0x00 0x00 0x12 0x80 0x01 0x80 0x00 0x00 0x00 0x00  VLDA wr0, [p3], #32;VLDB wr2, [p4], #32;NOP;                          NOP;                          MOVT.s12 cl2, #1;             NOP;                                    NOP
.label TGT_Fmatmul_i16_i32_144
.loop_nesting 1
.nohwbrkpt
.noswbrkpt
	   144    0x12 0xa3 0x0f 0x51 0x68 0x01 0x88 0x04 0x06 0x04 0xe0 0x3f                      VLDA wc0, [p4], #32;VLDB wd1, [p3], #32;                              MOV.s12 lc, #3;               MOV.u20 ls, #(ZLS_Fmatmul_i16_i32_1248 + 0);NOP
.nohwbrkpt
.noswbrkpt
	   156    0x0e 0xa3 0x0d 0x51 0x70 0x00 0x00 0x04 0x06 0xc8 0xb0 0x3f                      VLDA wr3, [p4], #32;VLDB wd0, [p3], #32;NOP;                                                        MOV.u20 le, #(ZLE_Fmatmul_i16_i32_2224 + 0);NOP
.nohwbrkpt
.noswbrkpt
	   168    0x16 0xa3 0x0f 0x51 0x60 0x00 0x00 0x17                                          VLDA wc1, [p4], #32;VLDB wd1, [p3], #32;                              NOP
.nohwbrkpt
.noswbrkpt
	   176    0x12 0xa3 0x0d 0x51 0x60 0x00 0x00 0x17                                          VLDA wc0, [p4], #32;VLDB wd0, [p3], #32;                              NOP
.nohwbrkpt
.noswbrkpt
	   184    0x1e 0xd0 0xc0 0x00 0x10 0x00 0x00 0x0e 0x2f 0xfe 0x00 0x3f                      VLDA wd1, [p3];     NOP;                NOP;                                                        VST.SPIL wr1, [sp, #-32];     NOP
.nohwbrkpt
.noswbrkpt
	   196    0x16 0xa3 0x06 0xaa 0xd7 0x73 0xfe 0x77                                          VLDA wc1, [p4], #32;                    VST wd0, [sp, #-64];                                        MOV p3, p2
.nohwbrkpt
.noswbrkpt
	   204    0x1a 0xa2 0xe4 0x54 0x57 0x43 0xfc 0x77                                          VLDA wd0, [p3], #32;                    VST wr0, [sp, #-128];                                       VMOV wr0, wr2
.nohwbrkpt
.noswbrkpt
	   212    0x1e 0xa2 0xc0 0x00 0x10 0x00 0x00 0x0e 0xef 0xf4 0x00 0x3f                      VLDA wd1, [p3], #32;NOP;                NOP;                                                        VST.SPIL wd1, [sp, #-192];    NOP
.nohwbrkpt
.noswbrkpt
	   224    0x12 0xa3 0x00 0x00 0x10 0x00 0x00 0x0e 0xcf 0xf0 0x00 0x3f                      VLDA wc0, [p4], #32;NOP;                NOP;                                                        VST.SPIL wd0, [sp, #-256];    NOP
.nohwbrkpt
.noswbrkpt
	   236    0x12 0xa2 0x40 0x00 0x10 0x00 0x00 0x0e 0x8f 0xfa 0x00 0x3f                      VLDA wc0, [p1], #32;NOP;                NOP;                                                        VST.SPIL wc0, [sp, #-96];     NOP
.nohwbrkpt
.noswbrkpt
	   248    0x06 0xae 0x4d 0x51 0xf0 0x00 0x00 0x0e 0xef 0xec 0x00 0x3f                      VLDA wr1, [p1], #224;VLDB wd0, [p7], #32;NOP;                                                       VST.SPIL wd1, [sp, #-320];    NOP
.nohwbrkpt
.noswbrkpt
	   260    0x16 0xd1 0x0f 0x51 0xf0 0x00 0x00 0x0e 0xaf 0xf2 0x00 0x3f                      VLDA wc1, [p4];     VLDB wd1, [p7], #32;NOP;                                                        VST.SPIL wc1, [sp, #-224];    NOP
.nohwbrkpt
.noswbrkpt
	   272    0x16 0xa2 0x60 0x22 0xd7 0x73 0xf4 0x77                                          VLDA wc1, [p1], #32;                    VST wd0, [sp, #-384];                                       VMOV.48.UPSL aml3, wd0, s0
.nohwbrkpt
.noswbrkpt
	   280    0x80 0x00 0x00 0xee 0xfe 0x40 0x07 0xf7                                                                                  NOP;                                                        VST.SPIL wd1, [sp, #-448];    NOP
.nohwbrkpt
.noswbrkpt
	   288    0x76 0x3f 0x70 0x00 0x01 0x27 0xba 0xf7                                                                                  VST wc0, [sp, #-288];         NOP;                          VMOV wd0, wd1
.nohwbrkpt
.noswbrkpt
	   296    0x76 0x3f 0x30 0x00 0x01 0x01 0x1e 0xf7                                                                                  VST wc0, [sp, #-416];         NOP;                          VMOV.48.UPSL amh3, wd0, s0
.nohwbrkpt
.noswbrkpt
	   304    0x76 0xbf 0x58 0x08 0x91 0x00 0x3e 0xc0 0x01 0x00 0x84 0x6f                      NOP;                                    VST wc1, [sp, #-352];                                       VMOV.48.UPSL aml1, wd0, s0;   NOP;                                    VMAC.48 bm3, ya.s16, r8, c1, r0, wc0.s16, #0, c0, c2
.nohwbrkpt
.noswbrkpt
	   316    0x00 0x00 0x00 0x00 0x10 0x00 0x00 0x0c 0x7b 0x3f 0xc2 0xd8 0x20 0x30 0x10 0x8c  NOP;                NOP;                NOP;                          NOP;                          VLDA.SPIL wd0, [sp, #-32];    NOP;                                    VMAC.48 bm3, ya.s16, r12, c1, r0, wc0.s16, #8, c0, c2
.nohwbrkpt
.noswbrkpt
	   332    0x76 0xbf 0x10 0x00 0x01 0x27 0xba 0xf7                                                                                  VST wc1, [sp, #-480];         NOP;                          VMOV wd0, wd1
.nohwbrkpt
.noswbrkpt
	   340    0x1a 0xff 0xa0 0x23 0x40 0x00 0x00 0x77                                          VLDA wd0, [sp, #-64];                                                 NOP;                          VMOV.48.UPSL amh1, wd0, s0
.nohwbrkpt
.noswbrkpt
	   348    0x80 0x00 0x00 0xc7 0x83 0xf4 0x27 0xf7                                                                                  NOP;                                                        VLDA.SPIL wr0, [sp, #-96];    NOP
.nohwbrkpt
.noswbrkpt
	   356    0x1a 0xa2 0xc0 0x00 0x10 0x00 0x00 0x0e 0x2f 0xe0 0x00 0x3f                      VLDA wd0, [p3], #32;NOP;                NOP;                                                        VST.SPIL wr1, [sp, #-512];    NOP
.nohwbrkpt
.noswbrkpt
	   368    0x00 0x00 0x0f 0x5d 0x70 0x00 0x00 0x0c 0x7a 0x3c 0x02 0x3f                      NOP;                VLDB wd1, [p3], #-96;NOP;                                                       VLDA.SPIL wc0, [sp, #-512];   NOP
.nohwbrkpt
.noswbrkpt
	   380    0x16 0xae 0x40 0x00 0x10 0x00 0x00 0x0e 0x6f 0xf6 0x00 0x3f                      VLDA wc1, [p1], #224;NOP;               NOP;                                                        VST.SPIL wr3, [sp, #-160];    NOP
.nohwbrkpt
.noswbrkpt
	   392    0x80 0x00 0x05 0x80 0x00 0x01 0x09 0x47                                          NOP;                                    NOP;                                                                                                                              VMAC.48 bm1, yd.s16, r0, c1, r0, wc0.s16, #0, c0, c2
.nohwbrkpt
.noswbrkpt
	   400    0x80 0x00 0x05 0x82 0x03 0x01 0x09 0x47                                          NOP;                                    NOP;                                                                                                                              VMAC.48 bm1, yd.s16, r12, c1, r0, wc0.s16, #8, c0, c2
.nohwbrkpt
.noswbrkpt
	   408    0x80 0x00 0x05 0x80 0x00 0x01 0x0b 0x47                                          NOP;                                    NOP;                                                                                                                              VMAC.48 bm1, yd.s16, r0, c1, r0, wc1.s16, #0, c0, c2
.nohwbrkpt
.noswbrkpt
	   416    0x1a 0xa3 0xc1 0x7f 0xb0 0x00 0x00 0x60 0x22 0x00 0x00 0xd8 0x20 0x30 0x10 0xb4  VLDA wd0, [p7], #32;VLDB wr0, [sp, #-96];NOP;                         NOP;                          VMOV.48.UPSL aml0, wd0, s0;   NOP;                                    VMAC.48 bm1, yd.s16, r12, c1, r0, wc1.s16, #8, c0, c2
.nohwbrkpt
.noswbrkpt
	   432    0x1e 0xbb 0xe0 0x00 0x00 0x00 0x06 0xc0 0x00 0x00 0x85 0x6f                      VLDA wd1, [p7], #-96;                   NOP;                          NOP;                                                        NOP;                                    VMAC.48 bm3, ya.s16, r0, c1, r0, wc1.s16, #0, c0, c2
.nohwbrkpt
.noswbrkpt
	   444    0x02 0xfe 0xc0 0x00 0x10 0x00 0x00 0x64 0xf4 0xc0 0x00 0xd8 0x20 0x30 0x10 0xac  VLDA wr0, [sp, #-160];NOP;              NOP;                          NOP;                          VMOV wr1, wd1;                NOP;                                    VMAC.48 bm3, ya.s16, r12, c1, r0, wc1.s16, #8, c0, c2
.nohwbrkpt
.noswbrkpt
	   460    0x76 0xbf 0x00 0x00 0x01 0x21 0xba 0xf7                                                                                  VST wc1, [sp, #-512];         NOP;                          VMOV wd0, wr1
.nohwbrkpt
.noswbrkpt
	   468    0x48 0xa8 0x98 0x03                                                              NOP;                                                                                                VMOV wr0, wr2
.nohwbrkpt
.noswbrkpt
	   472    0x1a 0xff 0xc0 0x00 0x10 0x00 0x00 0x60 0x23 0x00 0x00 0xd8 0x00 0x00 0x10 0x80  VLDA wd0, [sp, #-32];NOP;               NOP;                          NOP;                          VMOV.48.UPSL amh0, wd0, s0;   NOP;                                    VMAC.48 bm0, ya.s16, r0, c1, r0, wc0.s16, #0, c0, c2
.nohwbrkpt
.noswbrkpt
	   488    0x00 0x00 0x08 0x08 0xa1 0x00 0x3e 0xc1 0x01 0x80 0x84 0x0f                      NOP;                                    NOP;                                                        VMOV.48.UPSL aml2, wd0, s0;   NOP;                                    VMAC.48 bm0, ya.s16, r12, c1, r0, wc0.s16, #8, c0, c2
.nohwbrkpt
.noswbrkpt
	   500    0x00 0x00 0x09 0x51 0x30 0x00 0x00 0x0c 0x7b 0x3f 0x02 0xd8 0x00 0x00 0x10 0xa0  NOP;                VLDB wc0, [p1], #32;NOP;                          NOP;                          VLDA.SPIL wd0, [sp, #-128];   NOP;                                    VMAC.48 bm0, ya.s16, r0, c1, r0, wc1.s16, #0, c0, c2
.nohwbrkpt
.noswbrkpt
	   516    0x16 0xae 0x40 0x00 0x10 0x00 0x00 0x64 0xf4 0xc0 0x00 0xd8 0x20 0x30 0x10 0xa0  VLDA wc1, [p1], #224;NOP;               NOP;                          NOP;                          VMOV wr1, wd1;                NOP;                                    VMAC.48 bm0, ya.s16, r12, c1, r0, wc1.s16, #8, c0, c2
.nohwbrkpt
.noswbrkpt
	   532    0x48 0x6e 0x98 0x03                                                              NOP;                                                                                                VMOV wd0, wr1
.nohwbrkpt
.noswbrkpt
	   536    0x16 0xa2 0x60 0x23 0x80 0x00 0x00 0x77                                          VLDA wc1, [p1], #32;                                                  NOP;                          VMOV.48.UPSL amh2, wd0, s0
.nohwbrkpt
.noswbrkpt
	   544    0x00 0x01                                                                        NOP
.nohwbrkpt
.noswbrkpt
	   546    0x00 0x00 0x00 0x00 0x10 0x00 0x00 0x0c 0x78 0x3e 0x42 0xd8 0x00 0x00 0x10 0x98  NOP;                NOP;                NOP;                          NOP;                          VLDA.SPIL wr0, [sp, #-224];   NOP;                                    VMAC.48 bm2, yd.s16, r0, c1, r0, wc0.s16, #0, c0, c2
.nohwbrkpt
.noswbrkpt
	   562    0x00 0x00 0x09 0x57 0x30 0x00 0x00 0x0c 0x7b 0x3d 0xc2 0xd8 0x20 0x30 0x10 0x98  NOP;                VLDB wc0, [p1], #224;NOP;                         NOP;                          VLDA.SPIL wd0, [sp, #-288];   NOP;                                    VMAC.48 bm2, yd.s16, r12, c1, r0, wc0.s16, #8, c0, c2
.nohwbrkpt
.noswbrkpt
	   578    0x80 0x00 0x05 0x80 0x00 0x01 0x08 0xc7                                          NOP;                                    NOP;                                                                                                                              VMAC.48 bm3, ya.s16, r0, c1, r0, wc0.s16, #0, c0, c2
.nohwbrkpt
.noswbrkpt
	   586    0x00 0x00 0x00 0x00 0x10 0x00 0x00 0x0e 0xaf 0xd6 0x00 0xd8 0x00 0x00 0x10 0xa0  NOP;                NOP;                NOP;                          NOP;                          VST.SPIL wc1, [sp, #-672];    NOP;                                    VMAC.48 bm0, ya.s16, r0, c1, r0, wc1.s16, #0, c0, c2
.nohwbrkpt
.noswbrkpt
	   602    0x80 0x00 0x05 0x82 0x03 0x01 0x0a 0x07                                          NOP;                                    NOP;                                                                                                                              VMAC.48 bm0, ya.s16, r12, c1, r0, wc1.s16, #8, c0, c2
.nohwbrkpt
.noswbrkpt
	   610    0x00 0x00 0x00 0x00 0x10 0x00 0x00 0x0c 0x78 0x3e 0x82 0xd8 0x00 0x00 0x10 0x94  NOP;                NOP;                NOP;                          NOP;                          VLDA.SPIL wr0, [sp, #-192];   NOP;                                    VMAC.48 bm1, yd.s16, r0, c1, r0, wc0.s16, #0, c0, c2
.nohwbrkpt
.noswbrkpt
	   626    0x80 0x00 0x05 0x82 0x03 0x01 0x08 0xc7                                          NOP;                                    NOP;                                                                                                                              VMAC.48 bm3, ya.s16, r12, c1, r0, wc0.s16, #8, c0, c2
.nohwbrkpt
.noswbrkpt
	   634    0x00 0x00 0x0b 0x51 0x30 0x00 0x00 0x0c 0x78 0x3e 0x02 0xd8 0x20 0x30 0x10 0x94  NOP;                VLDB wc1, [p1], #32;NOP;                          NOP;                          VLDA.SPIL wr0, [sp, #-256];   NOP;                                    VMAC.48 bm1, yd.s16, r12, c1, r0, wc0.s16, #8, c0, c2
.nohwbrkpt
.noswbrkpt
	   650    0x12 0xae 0x40 0x00 0x10 0x00 0x00 0x0e 0x8f 0xdc 0x00 0xd8 0x00 0x00 0x10 0xac  VLDA wc0, [p1], #224;NOP;               NOP;                          NOP;                          VST.SPIL wc0, [sp, #-576];    NOP;                                    VMAC.48 bm3, ya.s16, r0, c1, r0, wc1.s16, #0, c0, c2
.nohwbrkpt
.noswbrkpt
	   666    0x80 0x00 0x05 0x80 0x00 0x01 0x08 0x07                                          NOP;                                    NOP;                                                                                                                              VMAC.48 bm0, ya.s16, r0, c1, r0, wc0.s16, #0, c0, c2
.nohwbrkpt
.noswbrkpt
	   674    0x00 0x00 0x00 0x00 0x10 0x00 0x00 0x0c 0x78 0x3d 0x42 0xd8 0x20 0x30 0x10 0xac  NOP;                NOP;                NOP;                          NOP;                          VLDA.SPIL wr0, [sp, #-352];   NOP;                                    VMAC.48 bm3, ya.s16, r12, c1, r0, wc1.s16, #8, c0, c2
.nohwbrkpt
.noswbrkpt
	   690    0x80 0x00 0x05 0x82 0x03 0x01 0x08 0x07                                          NOP;                                    NOP;                                                                                                                              VMAC.48 bm0, ya.s16, r12, c1, r0, wc0.s16, #8, c0, c2
.nohwbrkpt
.noswbrkpt
	   698    0x16 0xa2 0x60 0x00 0x00 0x00 0x06 0xc0 0x00 0x00 0x85 0x2f                      VLDA wc1, [p1], #32;                    NOP;                          NOP;                                                        NOP;                                    VMAC.48 bm1, ya.s16, r0, c1, r0, wc1.s16, #0, c0, c2
.nohwbrkpt
.noswbrkpt
	   710    0x00 0x00 0x09 0x57 0x30 0x00 0x00 0x0c 0x7b 0x3c 0xc2 0xd8 0x20 0x30 0x10 0xa4  NOP;                VLDB wc0, [p1], #224;NOP;                         NOP;                          VLDA.SPIL wd0, [sp, #-416];   NOP;                                    VMAC.48 bm1, ya.s16, r12, c1, r0, wc1.s16, #8, c0, c2
.nohwbrkpt
.noswbrkpt
	   726    0x80 0x00 0x05 0x80 0x00 0x01 0x0a 0x47                                          NOP;                                    NOP;                                                                                                                              VMAC.48 bm1, ya.s16, r0, c1, r0, wc1.s16, #0, c0, c2
.nohwbrkpt
.noswbrkpt
	   734    0x00 0x00 0x00 0x00 0x10 0x00 0x00 0x0e 0x8f 0xd8 0x00 0xd8 0x00 0x00 0x10 0xbc  NOP;                NOP;                NOP;                          NOP;                          VST.SPIL wc0, [sp, #-640];    NOP;                                    VMAC.48 bm3, yd.s16, r0, c1, r0, wc1.s16, #0, c0, c2
.nohwbrkpt
.noswbrkpt
	   750    0x12 0xa2 0x60 0x00 0x00 0x00 0x06 0xc1 0x01 0x80 0x85 0x2f                      VLDA wc0, [p1], #32;                    NOP;                          NOP;                                                        NOP;                                    VMAC.48 bm1, ya.s16, r12, c1, r0, wc1.s16, #8, c0, c2
.nohwbrkpt
.noswbrkpt
	   762    0x00 0x00 0x00 0x00 0x10 0x00 0x00 0x0c 0x78 0x3d 0x82 0xd8 0x00 0x00 0x10 0x90  NOP;                NOP;                NOP;                          NOP;                          VLDA.SPIL wr0, [sp, #-320];   NOP;                                    VMAC.48 bm0, yd.s16, r0, c1, r0, wc0.s16, #0, c0, c2
.nohwbrkpt
.noswbrkpt
	   778    0x80 0x00 0x05 0x82 0x03 0x01 0x0b 0xc7                                          NOP;                                    NOP;                                                                                                                              VMAC.48 bm3, yd.s16, r12, c1, r0, wc1.s16, #8, c0, c2
.nohwbrkpt
.noswbrkpt
	   786    0x00 0x00 0x0b 0x57 0x30 0x00 0x00 0x0c 0x78 0x3c 0x42 0xd8 0x20 0x30 0x10 0x90  NOP;                VLDB wc1, [p1], #224;NOP;                         NOP;                          VLDA.SPIL wr0, [sp, #-480];   NOP;                                    VMAC.48 bm0, yd.s16, r12, c1, r0, wc0.s16, #8, c0, c2
.nohwbrkpt
.noswbrkpt
	   802    0x00 0x00 0x00 0x00 0x10 0x00 0x00 0x0e 0x8f 0xd4 0x00 0xd8 0x00 0x00 0x10 0x80  NOP;                NOP;                NOP;                          NOP;                          VST.SPIL wc0, [sp, #-704];    NOP;                                    VMAC.48 bm0, ya.s16, r0, c1, r0, wc0.s16, #0, c0, c2
.nohwbrkpt
.noswbrkpt
	   818    0x80 0x00 0x05 0x80 0x00 0x01 0x0a 0xc7                                          NOP;                                    NOP;                                                                                                                              VMAC.48 bm3, ya.s16, r0, c1, r0, wc1.s16, #0, c0, c2
.nohwbrkpt
.noswbrkpt
	   826    0x16 0xa2 0x60 0x00 0x00 0x00 0x06 0xc1 0x01 0x80 0x84 0x0f                      VLDA wc1, [p1], #32;                    NOP;                          NOP;                                                        NOP;                                    VMAC.48 bm0, ya.s16, r12, c1, r0, wc0.s16, #8, c0, c2
.nohwbrkpt
.noswbrkpt
	   838    0x00 0x00 0x00 0x00 0x10 0x00 0x00 0x0c 0x7b 0x3f 0x82 0xd8 0x20 0x30 0x10 0xac  NOP;                NOP;                NOP;                          NOP;                          VLDA.SPIL wd0, [sp, #-64];    NOP;                                    VMAC.48 bm3, ya.s16, r12, c1, r0, wc1.s16, #8, c0, c2
.nohwbrkpt
.noswbrkpt
	   854    0x80 0x00 0x05 0x80 0x00 0x01 0x0a 0x47                                          NOP;                                    NOP;                                                                                                                              VMAC.48 bm1, ya.s16, r0, c1, r0, wc1.s16, #0, c0, c2
.nohwbrkpt
.noswbrkpt
	   862    0x00 0x00 0x00 0x00 0x10 0x00 0x00 0x0c 0x7a 0xbc 0x02 0xd8 0x20 0x30 0x10 0xa4  NOP;                NOP;                NOP;                          NOP;                          VLDA.SPIL wc1, [sp, #-512];   NOP;                                    VMAC.48 bm1, ya.s16, r12, c1, r0, wc1.s16, #8, c0, c2
.nohwbrkpt
.noswbrkpt
	   878    0x00 0x00 0x00 0x00 0x10 0x00 0x00 0x0e 0xaf 0xda 0x00 0xd8 0x00 0x00 0x10 0xb0  NOP;                NOP;                NOP;                          NOP;                          VST.SPIL wc1, [sp, #-608];    NOP;                                    VMAC.48 bm0, yd.s16, r0, c1, r0, wc1.s16, #0, c0, c2
.nohwbrkpt
.noswbrkpt
	   894    0x00 0x00 0x00 0x00 0x10 0x00 0x00 0x0c 0x7b 0x3d 0x02 0xd8 0x00 0x00 0x10 0x9c  NOP;                NOP;                NOP;                          NOP;                          VLDA.SPIL wd0, [sp, #-384];   NOP;                                    VMAC.48 bm3, yd.s16, r0, c1, r0, wc0.s16, #0, c0, c2
.nohwbrkpt
.noswbrkpt
	   910    0x00 0x00 0x00 0x00 0x10 0x00 0x00 0x0c 0x78 0x3c 0x82 0xd8 0x20 0x30 0x10 0xb0  NOP;                NOP;                NOP;                          NOP;                          VLDA.SPIL wr0, [sp, #-448];   NOP;                                    VMAC.48 bm0, yd.s16, r12, c1, r0, wc1.s16, #8, c0, c2
.nohwbrkpt
.noswbrkpt
	   926    0x00 0x00 0x00 0x00 0x10 0x00 0x00 0x0e 0xaf 0xde 0x00 0xd8 0x20 0x30 0x10 0x9c  NOP;                NOP;                NOP;                          NOP;                          VST.SPIL wc1, [sp, #-544];    NOP;                                    VMAC.48 bm3, yd.s16, r12, c1, r0, wc0.s16, #8, c0, c2
.nohwbrkpt
.noswbrkpt
	   942    0x00 0x00 0x00 0x00 0x10 0x00 0x00 0x0c 0x7a 0xbb 0xc2 0xd8 0x00 0x00 0x10 0xac  NOP;                NOP;                NOP;                          NOP;                          VLDA.SPIL wc1, [sp, #-544];   NOP;                                    VMAC.48 bm3, ya.s16, r0, c1, r0, wc1.s16, #0, c0, c2
.nohwbrkpt
.noswbrkpt
	   958    0x00 0x00 0x00 0x00 0x10 0x00 0x00 0x0c 0x7b 0x3f 0x02 0xd8 0x20 0x30 0x10 0xac  NOP;                NOP;                NOP;                          NOP;                          VLDA.SPIL wd0, [sp, #-128];   NOP;                                    VMAC.48 bm3, ya.s16, r12, c1, r0, wc1.s16, #8, c0, c2
.nohwbrkpt
.noswbrkpt
	   974    0x00 0x00 0x00 0x00 0x10 0x00 0x00 0x0c 0x7a 0xba 0xc2 0xd8 0x00 0x00 0x10 0xb8  NOP;                NOP;                NOP;                          NOP;                          VLDA.SPIL wc1, [sp, #-672];   NOP;                                    VMAC.48 bm2, yd.s16, r0, c1, r0, wc1.s16, #0, c0, c2
.nohwbrkpt
.noswbrkpt
	   990    0x00 0x00 0x00 0x00 0x10 0x00 0x00 0x0c 0x78 0x3e 0x82 0xd8 0x20 0x30 0x10 0xb8  NOP;                NOP;                NOP;                          NOP;                          VLDA.SPIL wr0, [sp, #-192];   NOP;                                    VMAC.48 bm2, yd.s16, r12, c1, r0, wc1.s16, #8, c0, c2
.nohwbrkpt
.noswbrkpt
	  1006    0x00 0x00 0x00 0x00 0x10 0x00 0x00 0x0c 0x7a 0xbb 0x82 0xd8 0x00 0x00 0x10 0x94  NOP;                NOP;                NOP;                          NOP;                          VLDA.SPIL wc1, [sp, #-576];   NOP;                                    VMAC.48 bm1, yd.s16, r0, c1, r0, wc0.s16, #0, c0, c2
.nohwbrkpt
.noswbrkpt
	  1022    0x00 0x00 0x00 0x00 0x10 0x00 0x00 0x0c 0x7b 0x3d 0x02 0xd8 0x20 0x30 0x10 0x94  NOP;                NOP;                NOP;                          NOP;                          VLDA.SPIL wd0, [sp, #-384];   NOP;                                    VMAC.48 bm1, yd.s16, r12, c1, r0, wc0.s16, #8, c0, c2
.nohwbrkpt
.noswbrkpt
	  1038    0x80 0x00 0x00 0xc7 0x83 0xe0 0x27 0xf7                                                                                  NOP;                                                        VLDA.SPIL wr0, [sp, #-256];   NOP
.nohwbrkpt
.noswbrkpt
	  1046    0x00 0x00 0x00 0x00 0x1e 0x0e 0x8b 0x0c 0x7a 0xbb 0x02 0xd8 0x00 0x00 0x10 0xa4  NOP;                NOP;                VST.48.SRSL aml3, s0, [p3], #32;NOP;                        VLDA.SPIL wc1, [sp, #-640];   NOP;                                    VMAC.48 bm1, ya.s16, r0, c1, r0, wc1.s16, #0, c0, c2
.nohwbrkpt
.noswbrkpt
	  1062    0xf0 0xf4 0x5d 0x82 0x03 0x01 0x0a 0x47                                          NOP;                                    VST.48.SRSL amh3, s0, [p3], #32;                                                                                                  VMAC.48 bm1, ya.s16, r12, c1, r0, wc1.s16, #8, c0, c2
.nohwbrkpt
.noswbrkpt
	  1070    0x00 0x00 0x00 0x00 0x10 0x00 0x00 0x0c 0x7a 0xba 0x82 0xd8 0x00 0x00 0x10 0xb8  NOP;                NOP;                NOP;                          NOP;                          VLDA.SPIL wc1, [sp, #-704];   NOP;                                    VMAC.48 bm2, yd.s16, r0, c1, r0, wc1.s16, #0, c0, c2
.nohwbrkpt
.noswbrkpt
	  1086    0x00 0x00 0x00 0x00 0x10 0x00 0x00 0x0c 0x78 0x3d 0x82 0xd8 0x20 0x30 0x10 0xb8  NOP;                NOP;                NOP;                          NOP;                          VLDA.SPIL wr0, [sp, #-320];   NOP;                                    VMAC.48 bm2, yd.s16, r12, c1, r0, wc1.s16, #8, c0, c2
.nohwbrkpt
.noswbrkpt
	  1102    0x80 0x00 0x05 0x80 0x00 0x01 0x0a 0x87                                          NOP;                                    NOP;                                                                                                                              VMAC.48 bm2, ya.s16, r0, c1, r0, wc1.s16, #0, c0, c2
.nohwbrkpt
.noswbrkpt
	  1110    0x00 0x00 0x00 0x00 0x10 0x00 0x00 0x0c 0x7a 0xbb 0x42 0xd8 0x20 0x30 0x10 0xa8  NOP;                NOP;                NOP;                          NOP;                          VLDA.SPIL wc1, [sp, #-608];   NOP;                                    VMAC.48 bm2, ya.s16, r12, c1, r0, wc1.s16, #8, c0, c2
.nohwbrkpt
.noswbrkpt
	  1126    0x80 0x00 0x00 0xc7 0x83 0xc4 0x27 0xf7                                                                                  NOP;                                                        VLDA.SPIL wr0, [sp, #-480];   NOP
.nohwbrkpt
.noswbrkpt
	  1134    0x16 0x86 0x7c 0x0d 0x1e 0x00 0x06 0xc0 0x00 0x00 0x85 0x4f                      VLDA wc1, [p1], m3;                     VST.48.SRSL aml1, s0, [p7], #32;NOP;                                                      NOP;                                    VMAC.48 bm2, ya.s16, r0, c1, r0, wc1.s16, #0, c0, c2
.nohwbrkpt
.noswbrkpt
	  1146    0xf0 0xb4 0x7d 0x82 0x03 0x01 0x0a 0x87                                          NOP;                                    VST.48.SRSL amh1, s0, [p7], #32;                                                                                                  VMAC.48 bm2, ya.s16, r12, c1, r0, wc1.s16, #8, c0, c2
.nohwbrkpt
.noswbrkpt
	  1154    0x80 0x00 0x00 0xc7 0x83 0xc8 0x27 0xf7                                                                                  NOP;                                                        VLDA.SPIL wr0, [sp, #-448];   NOP
.nohwbrkpt
.noswbrkpt
	  1162    0x80 0x00 0x05 0x80 0x00 0x01 0x0a 0x87                                          NOP;                                    NOP;                                                                                                                              VMAC.48 bm2, ya.s16, r0, c1, r0, wc1.s16, #0, c0, c2
.nohwbrkpt
.noswbrkpt
	  1170    0x80 0x00 0x05 0x82 0x03 0x01 0x0a 0x87                                          NOP;                                    NOP;                                                                                                                              VMAC.48 bm2, ya.s16, r12, c1, r0, wc1.s16, #8, c0, c2
.nohwbrkpt
.noswbrkpt
	  1178    0x80 0x00 0x05 0x80 0x00 0x01 0x0b 0x87                                          NOP;                                    NOP;                                                                                                                              VMAC.48 bm2, yd.s16, r0, c1, r0, wc1.s16, #0, c0, c2
.nohwbrkpt
.noswbrkpt
	  1186    0x80 0x00 0x05 0x82 0x03 0x01 0x0b 0x87                                          NOP;                                    NOP;                                                                                                                              VMAC.48 bm2, yd.s16, r12, c1, r0, wc1.s16, #8, c0, c2
.nohwbrkpt
.noswbrkpt
	  1194    0x80 0x00 0x05 0x80 0x00 0x01 0x0a 0x07                                          NOP;                                    NOP;                                                                                                                              VMAC.48 bm0, ya.s16, r0, c1, r0, wc1.s16, #0, c0, c2
.nohwbrkpt
.noswbrkpt
	  1202    0x80 0x00 0x05 0x82 0x03 0x01 0x0a 0x07                                          NOP;                                    NOP;                                                                                                                              VMAC.48 bm0, ya.s16, r12, c1, r0, wc1.s16, #8, c0, c2
.nohwbrkpt
.noswbrkpt
	  1210    0x80 0x00 0x05 0x80 0x00 0x01 0x0a 0x87                                          NOP;                                    NOP;                                                                                                                              VMAC.48 bm2, ya.s16, r0, c1, r0, wc1.s16, #0, c0, c2
.nohwbrkpt
.noswbrkpt
	  1218    0x80 0x00 0x05 0x82 0x03 0x01 0x0a 0x87                                          NOP;                                    NOP;                                                                                                                              VMAC.48 bm2, ya.s16, r12, c1, r0, wc1.s16, #8, c0, c2
.nohwbrkpt
.noswbrkpt
	  1226    0x00 0x01                                                                        NOP
.nohwbrkpt
.noswbrkpt
	  1228    0x00 0x01                                                                        NOP
.nohwbrkpt
.noswbrkpt
	  1230    0x00 0x01                                                                        NOP
.nohwbrkpt
.noswbrkpt
	  1232    0xf0 0x14 0x58 0x03                                                              NOP;                                    VST.48.SRSL aml0, s0, [p3], #32
.nohwbrkpt
.noswbrkpt
	  1236    0xf0 0x94 0x58 0x03                                                              NOP;                                    VST.48.SRSL amh0, s0, [p3], #32
.nohwbrkpt
.noswbrkpt
	  1240    0x00 0x00 0x00 0x00 0x07 0x05 0x47 0xb7                                          NOP;                                    VST.48.SRSL aml2, s0, [p7], #32;NOP
.label ZLS_Fmatmul_i16_i32_1248
.loop_nesting 2
.begin_of_loop
	  1248    0x1a 0xa2 0xc0 0x00 0x07 0x0d 0x47 0xb7                                          VLDA wd0, [p3], #32;                    VST.48.SRSL amh2, s0, [p7], #32;NOP
	  1256    0x1e 0xa2 0xc9 0x51 0x20 0x00 0x00 0x17                                          VLDA wd1, [p3], #32;VLDB wc0, [p1], #32;                              NOP
	  1264    0x06 0xae 0x40 0x00 0x00 0x00 0x00 0x37                                          VLDA wr1, [p1], #224;                   NOP;                          NOP
	  1272    0x16 0xa2 0x40 0x00 0x00 0x00 0x00 0x37                                          VLDA wc1, [p1], #32;                    NOP;                          NOP
.noswbrkpt
	  1280    0x1a 0xa3 0xc1 0x7f 0xa0 0x00 0x00 0x17                                          VLDA wd0, [p7], #32;VLDB wr0, [sp, #-96];                             NOP
.nohwbrkpt
.noswbrkpt
	  1288    0x1e 0xa3 0xc0 0x00 0x00 0x00 0x00 0x37                                          VLDA wd1, [p7], #32;                    NOP;                          NOP
.nohwbrkpt
.noswbrkpt
	  1296    0x08 0xb9                                                                        VMOV.48.UPSL aml3, wd0, s0
.nohwbrkpt
.noswbrkpt
	  1298    0x48 0xa8 0x98 0x03                                                              NOP;                                                                                                VMOV wr0, wr2
.nohwbrkpt
.noswbrkpt
	  1302    0x1a 0xff 0xe4 0xf7 0x40 0x00 0x00 0x77                                          VLDA wd0, [sp, #-32];                                                 NOP;                          VMOV wd0, wd1
.nohwbrkpt
.noswbrkpt
	  1310    0x74 0xbf 0x08 0x08 0xf1 0x00 0x3e 0xc0 0x01 0x00 0x84 0x6f                      NOP;                                    VST wr1, [sp, #-512];                                       VMOV.48.UPSL amh3, wd0, s0;   NOP;                                    VMAC.48 bm3, ya.s16, r8, c1, r0, wc0.s16, #0, c0, c2
.nohwbrkpt
.noswbrkpt
	  1322    0x1a 0xff 0x80 0x00 0x10 0x00 0x00 0x60 0x22 0x40 0x00 0xd8 0x20 0x30 0x10 0x8c  VLDA wd0, [sp, #-64];NOP;               NOP;                          NOP;                          VMOV.48.UPSL aml1, wd0, s0;   NOP;                                    VMAC.48 bm3, ya.s16, r12, c1, r0, wc0.s16, #8, c0, c2
.nohwbrkpt
.noswbrkpt
	  1338    0x00 0x00 0x00 0x00 0x10 0x00 0x00 0x0c 0x7a 0x3c 0x02 0xd8 0x00 0x00 0x10 0xac  NOP;                NOP;                NOP;                          NOP;                          VLDA.SPIL wc0, [sp, #-512];   NOP;                                    VMAC.48 bm3, ya.s16, r0, c1, r0, wc1.s16, #0, c0, c2
.nohwbrkpt
.noswbrkpt
	  1354    0x1a 0xa2 0xcb 0x57 0x30 0x00 0x00 0x64 0xf7 0x40 0x00 0xd8 0x20 0x30 0x10 0xac  VLDA wd0, [p3], #32;VLDB wc1, [p1], #224;NOP;                         NOP;                          VMOV wd0, wd1;                NOP;                                    VMAC.48 bm3, ya.s16, r12, c1, r0, wc1.s16, #8, c0, c2
.nohwbrkpt
.noswbrkpt
	  1370    0x1e 0xba 0xe0 0x23 0x40 0x00 0x00 0x77                                          VLDA wd1, [p3], #-96;                                                 NOP;                          VMOV.48.UPSL amh1, wd0, s0
.nohwbrkpt
.noswbrkpt
	  1378    0x48 0xa8 0x98 0x03                                                              NOP;                                                                                                VMOV wr0, wr2
.nohwbrkpt
.noswbrkpt
	  1382    0x80 0x00 0x05 0x80 0x00 0x01 0x09 0x47                                          NOP;                                    NOP;                                                                                                                              VMAC.48 bm1, yd.s16, r0, c1, r0, wc0.s16, #0, c0, c2
.nohwbrkpt
.noswbrkpt
	  1390    0x80 0x00 0x05 0x82 0x03 0x01 0x09 0x47                                          NOP;                                    NOP;                                                                                                                              VMAC.48 bm1, yd.s16, r12, c1, r0, wc0.s16, #8, c0, c2
.nohwbrkpt
.noswbrkpt
	  1398    0x1a 0xa3 0xc1 0x7f 0xb0 0x00 0x00 0x40 0x00 0x00 0x00 0xd8 0x00 0x00 0x10 0xb4  VLDA wd0, [p7], #32;VLDB wr0, [sp, #-96];NOP;                         NOP;                          NOP;                          NOP;                                    VMAC.48 bm1, yd.s16, r0, c1, r0, wc1.s16, #0, c0, c2
.nohwbrkpt
.noswbrkpt
	  1414    0x1e 0xbb 0xc0 0x00 0x10 0x00 0x00 0x60 0x22 0x00 0x00 0xd8 0x20 0x30 0x10 0xb4  VLDA wd1, [p7], #-96;NOP;               NOP;                          NOP;                          VMOV.48.UPSL aml0, wd0, s0;   NOP;                                    VMAC.48 bm1, yd.s16, r12, c1, r0, wc1.s16, #8, c0, c2
.nohwbrkpt
.noswbrkpt
	  1430    0x80 0x00 0x00 0xc7 0x83 0xec 0x27 0xf7                                                                                  NOP;                                                        VLDA.SPIL wr0, [sp, #-160];   NOP
.nohwbrkpt
.noswbrkpt
	  1438    0x76 0xbf 0x00 0x00 0x01 0x27 0xa6 0xf7                                                                                  VST wc1, [sp, #-512];         NOP;                          VMOV wr1, wd1
.nohwbrkpt
.noswbrkpt
	  1446    0x48 0x6e 0x98 0x03                                                              NOP;                                                                                                VMOV wd0, wr1
.nohwbrkpt
.noswbrkpt
	  1450    0x1a 0xff 0xc0 0x00 0x10 0x00 0x00 0x60 0x23 0x00 0x00 0xd8 0x00 0x00 0x10 0x80  VLDA wd0, [sp, #-32];NOP;               NOP;                          NOP;                          VMOV.48.UPSL amh0, wd0, s0;   NOP;                                    VMAC.48 bm0, ya.s16, r0, c1, r0, wc0.s16, #0, c0, c2
.nohwbrkpt
.noswbrkpt
	  1466    0x00 0x00 0x08 0x08 0xa1 0x00 0x3e 0xc1 0x01 0x80 0x84 0x0f                      NOP;                                    NOP;                                                        VMOV.48.UPSL aml2, wd0, s0;   NOP;                                    VMAC.48 bm0, ya.s16, r12, c1, r0, wc0.s16, #8, c0, c2
.nohwbrkpt
.noswbrkpt
	  1478    0x12 0xa2 0x4d 0x7f 0x90 0x00 0x00 0x40 0x00 0x00 0x00 0xd8 0x00 0x00 0x10 0xa0  VLDA wc0, [p1], #32;VLDB wd0, [sp, #-128];NOP;                        NOP;                          NOP;                          NOP;                                    VMAC.48 bm0, ya.s16, r0, c1, r0, wc1.s16, #0, c0, c2
.nohwbrkpt
.noswbrkpt
	  1494    0x16 0xae 0x40 0x00 0x10 0x00 0x00 0x64 0xf4 0xc0 0x00 0xd8 0x20 0x30 0x10 0xa0  VLDA wc1, [p1], #224;NOP;               NOP;                          NOP;                          VMOV wr1, wd1;                NOP;                                    VMAC.48 bm0, ya.s16, r12, c1, r0, wc1.s16, #8, c0, c2
.nohwbrkpt
.noswbrkpt
	  1510    0x48 0x6e 0x98 0x03                                                              NOP;                                                                                                VMOV wd0, wr1
.nohwbrkpt
.noswbrkpt
	  1514    0x16 0xa2 0x60 0x23 0x80 0x00 0x00 0x77                                          VLDA wc1, [p1], #32;                                                  NOP;                          VMOV.48.UPSL amh2, wd0, s0
.nohwbrkpt
.noswbrkpt
	  1522    0x80 0x00 0x00 0xc7 0x83 0xe4 0x27 0xf7                                                                                  NOP;                                                        VLDA.SPIL wr0, [sp, #-224];   NOP
.nohwbrkpt
.noswbrkpt
	  1530    0x80 0x00 0x05 0x80 0x00 0x01 0x09 0x87                                          NOP;                                    NOP;                                                                                                                              VMAC.48 bm2, yd.s16, r0, c1, r0, wc0.s16, #0, c0, c2
.nohwbrkpt
.noswbrkpt
	  1538    0x12 0xae 0x4d 0x7e 0xf0 0x00 0x00 0x40 0x00 0x00 0x00 0xd8 0x20 0x30 0x10 0x98  VLDA wc0, [p1], #224;VLDB wd0, [sp, #-288];NOP;                       NOP;                          NOP;                          NOP;                                    VMAC.48 bm2, yd.s16, r12, c1, r0, wc0.s16, #8, c0, c2
.nohwbrkpt
.noswbrkpt
	  1554    0x80 0x00 0x05 0x80 0x00 0x01 0x08 0xc7                                          NOP;                                    NOP;                                                                                                                              VMAC.48 bm3, ya.s16, r0, c1, r0, wc0.s16, #0, c0, c2
.nohwbrkpt
.noswbrkpt
	  1562    0x00 0x00 0x00 0x00 0x10 0x00 0x00 0x0e 0xaf 0xd6 0x00 0xd8 0x00 0x00 0x10 0xa0  NOP;                NOP;                NOP;                          NOP;                          VST.SPIL wc1, [sp, #-672];    NOP;                                    VMAC.48 bm0, ya.s16, r0, c1, r0, wc1.s16, #0, c0, c2
.nohwbrkpt
.noswbrkpt
	  1578    0x80 0x00 0x05 0x82 0x03 0x01 0x0a 0x07                                          NOP;                                    NOP;                                                                                                                              VMAC.48 bm0, ya.s16, r12, c1, r0, wc1.s16, #8, c0, c2
.nohwbrkpt
.noswbrkpt
	  1586    0x00 0x00 0x00 0x00 0x10 0x00 0x00 0x0c 0x78 0x3e 0x82 0xd8 0x20 0x30 0x10 0x8c  NOP;                NOP;                NOP;                          NOP;                          VLDA.SPIL wr0, [sp, #-192];   NOP;                                    VMAC.48 bm3, ya.s16, r12, c1, r0, wc0.s16, #8, c0, c2
.nohwbrkpt
.noswbrkpt
	  1602    0x80 0x00 0x05 0x80 0x00 0x01 0x09 0x47                                          NOP;                                    NOP;                                                                                                                              VMAC.48 bm1, yd.s16, r0, c1, r0, wc0.s16, #0, c0, c2
.nohwbrkpt
.noswbrkpt
	  1610    0x16 0xa2 0x41 0x7f 0x10 0x00 0x00 0x40 0x00 0x00 0x00 0xd8 0x20 0x30 0x10 0x94  VLDA wc1, [p1], #32;VLDB wr0, [sp, #-256];NOP;                        NOP;                          NOP;                          NOP;                                    VMAC.48 bm1, yd.s16, r12, c1, r0, wc0.s16, #8, c0, c2
.nohwbrkpt
.noswbrkpt
	  1626    0x12 0xae 0x40 0x00 0x10 0x00 0x00 0x0e 0x8f 0xdc 0x00 0xd8 0x00 0x00 0x10 0x80  VLDA wc0, [p1], #224;NOP;               NOP;                          NOP;                          VST.SPIL wc0, [sp, #-576];    NOP;                                    VMAC.48 bm0, ya.s16, r0, c1, r0, wc0.s16, #0, c0, c2
.nohwbrkpt
.noswbrkpt
	  1642    0x80 0x00 0x05 0x80 0x00 0x01 0x0a 0xc7                                          NOP;                                    NOP;                                                                                                                              VMAC.48 bm3, ya.s16, r0, c1, r0, wc1.s16, #0, c0, c2
.nohwbrkpt
.noswbrkpt
	  1650    0x00 0x00 0x00 0x00 0x10 0x00 0x00 0x0c 0x78 0x3d 0x42 0xd8 0x20 0x30 0x10 0x80  NOP;                NOP;                NOP;                          NOP;                          VLDA.SPIL wr0, [sp, #-352];   NOP;                                    VMAC.48 bm0, ya.s16, r12, c1, r0, wc0.s16, #8, c0, c2
.nohwbrkpt
.noswbrkpt
	  1666    0x16 0xa2 0x60 0x00 0x00 0x00 0x06 0xc1 0x01 0x80 0x85 0x6f                      VLDA wc1, [p1], #32;                    NOP;                          NOP;                                                        NOP;                                    VMAC.48 bm3, ya.s16, r12, c1, r0, wc1.s16, #8, c0, c2
.nohwbrkpt
.noswbrkpt
	  1678    0x80 0x00 0x05 0x80 0x00 0x01 0x0a 0x47                                          NOP;                                    NOP;                                                                                                                              VMAC.48 bm1, ya.s16, r0, c1, r0, wc1.s16, #0, c0, c2
.nohwbrkpt
.noswbrkpt
	  1686    0x12 0xae 0x4d 0x7e 0x70 0x00 0x00 0x40 0x00 0x00 0x00 0xd8 0x20 0x30 0x10 0xa4  VLDA wc0, [p1], #224;VLDB wd0, [sp, #-416];NOP;                       NOP;                          NOP;                          NOP;                                    VMAC.48 bm1, ya.s16, r12, c1, r0, wc1.s16, #8, c0, c2
.nohwbrkpt
.noswbrkpt
	  1702    0x80 0x00 0x05 0x80 0x00 0x01 0x0a 0x47                                          NOP;                                    NOP;                                                                                                                              VMAC.48 bm1, ya.s16, r0, c1, r0, wc1.s16, #0, c0, c2
.nohwbrkpt
.noswbrkpt
	  1710    0x00 0x00 0x00 0x00 0x10 0x00 0x00 0x0e 0x8f 0xd8 0x00 0xd8 0x00 0x00 0x10 0xbc  NOP;                NOP;                NOP;                          NOP;                          VST.SPIL wc0, [sp, #-640];    NOP;                                    VMAC.48 bm3, yd.s16, r0, c1, r0, wc1.s16, #0, c0, c2
.nohwbrkpt
.noswbrkpt
	  1726    0x12 0xa2 0x60 0x00 0x00 0x00 0x06 0xc1 0x01 0x80 0x85 0x2f                      VLDA wc0, [p1], #32;                    NOP;                          NOP;                                                        NOP;                                    VMAC.48 bm1, ya.s16, r12, c1, r0, wc1.s16, #8, c0, c2
.nohwbrkpt
.noswbrkpt
	  1738    0x00 0x00 0x00 0x00 0x10 0x00 0x00 0x0c 0x78 0x3d 0x82 0xd8 0x20 0x30 0x10 0xbc  NOP;                NOP;                NOP;                          NOP;                          VLDA.SPIL wr0, [sp, #-320];   NOP;                                    VMAC.48 bm3, yd.s16, r12, c1, r0, wc1.s16, #8, c0, c2
.nohwbrkpt
.noswbrkpt
	  1754    0x80 0x00 0x05 0x80 0x00 0x01 0x09 0x07                                          NOP;                                    NOP;                                                                                                                              VMAC.48 bm0, yd.s16, r0, c1, r0, wc0.s16, #0, c0, c2
.nohwbrkpt
.noswbrkpt
	  1762    0x16 0xae 0x41 0x7e 0x30 0x00 0x00 0x40 0x00 0x00 0x00 0xd8 0x20 0x30 0x10 0x90  VLDA wc1, [p1], #224;VLDB wr0, [sp, #-480];NOP;                       NOP;                          NOP;                          NOP;                                    VMAC.48 bm0, yd.s16, r12, c1, r0, wc0.s16, #8, c0, c2
.nohwbrkpt
.noswbrkpt
	  1778    0x00 0x00 0x00 0x00 0x10 0x00 0x00 0x0e 0x8f 0xd4 0x00 0xd8 0x00 0x00 0x10 0x80  NOP;                NOP;                NOP;                          NOP;                          VST.SPIL wc0, [sp, #-704];    NOP;                                    VMAC.48 bm0, ya.s16, r0, c1, r0, wc0.s16, #0, c0, c2
.nohwbrkpt
.noswbrkpt
	  1794    0x16 0xa2 0x60 0x00 0x00 0x00 0x06 0xc0 0x00 0x00 0x85 0x6f                      VLDA wc1, [p1], #32;                    NOP;                          NOP;                                                        NOP;                                    VMAC.48 bm3, ya.s16, r0, c1, r0, wc1.s16, #0, c0, c2
.nohwbrkpt
.noswbrkpt
	  1806    0x80 0x00 0x05 0x82 0x03 0x01 0x08 0x07                                          NOP;                                    NOP;                                                                                                                              VMAC.48 bm0, ya.s16, r12, c1, r0, wc0.s16, #8, c0, c2
.nohwbrkpt
.noswbrkpt
	  1814    0x00 0x00 0x00 0x00 0x10 0x00 0x00 0x0c 0x7b 0x3f 0x82 0xd8 0x20 0x30 0x10 0xac  NOP;                NOP;                NOP;                          NOP;                          VLDA.SPIL wd0, [sp, #-64];    NOP;                                    VMAC.48 bm3, ya.s16, r12, c1, r0, wc1.s16, #8, c0, c2
.nohwbrkpt
.noswbrkpt
	  1830    0x80 0x00 0x05 0x80 0x00 0x01 0x0a 0x47                                          NOP;                                    NOP;                                                                                                                              VMAC.48 bm1, ya.s16, r0, c1, r0, wc1.s16, #0, c0, c2
.nohwbrkpt
.noswbrkpt
	  1838    0x00 0x00 0x00 0x00 0x10 0x00 0x00 0x0c 0x7a 0xbc 0x02 0xd8 0x20 0x30 0x10 0xa4  NOP;                NOP;                NOP;                          NOP;                          VLDA.SPIL wc1, [sp, #-512];   NOP;                                    VMAC.48 bm1, ya.s16, r12, c1, r0, wc1.s16, #8, c0, c2
.nohwbrkpt
.noswbrkpt
	  1854    0x00 0x00 0x00 0x00 0x10 0x00 0x00 0x0e 0xaf 0xda 0x00 0xd8 0x00 0x00 0x10 0xb0  NOP;                NOP;                NOP;                          NOP;                          VST.SPIL wc1, [sp, #-608];    NOP;                                    VMAC.48 bm0, yd.s16, r0, c1, r0, wc1.s16, #0, c0, c2
.nohwbrkpt
.noswbrkpt
	  1870    0x00 0x00 0x00 0x00 0x10 0x00 0x00 0x0c 0x7b 0x3d 0x02 0xd8 0x20 0x30 0x10 0xb0  NOP;                NOP;                NOP;                          NOP;                          VLDA.SPIL wd0, [sp, #-384];   NOP;                                    VMAC.48 bm0, yd.s16, r12, c1, r0, wc1.s16, #8, c0, c2
.nohwbrkpt
.noswbrkpt
	  1886    0x00 0x00 0x00 0x00 0x10 0x00 0x00 0x0e 0xaf 0xde 0x00 0xd8 0x00 0x00 0x10 0x9c  NOP;                NOP;                NOP;                          NOP;                          VST.SPIL wc1, [sp, #-544];    NOP;                                    VMAC.48 bm3, yd.s16, r0, c1, r0, wc0.s16, #0, c0, c2
.nohwbrkpt
.noswbrkpt
	  1902    0x00 0x00 0x00 0x00 0x10 0x00 0x00 0x0c 0x7a 0xbb 0xc2 0xd8 0x20 0x30 0x10 0x9c  NOP;                NOP;                NOP;                          NOP;                          VLDA.SPIL wc1, [sp, #-544];   NOP;                                    VMAC.48 bm3, yd.s16, r12, c1, r0, wc0.s16, #8, c0, c2
.nohwbrkpt
.noswbrkpt
	  1918    0x00 0x00 0x00 0x00 0x10 0x00 0x00 0x0c 0x78 0x3c 0x82 0xd8 0x00 0x00 0x10 0xac  NOP;                NOP;                NOP;                          NOP;                          VLDA.SPIL wr0, [sp, #-448];   NOP;                                    VMAC.48 bm3, ya.s16, r0, c1, r0, wc1.s16, #0, c0, c2
.nohwbrkpt
.noswbrkpt
	  1934    0x00 0x00 0x00 0x00 0x10 0x00 0x00 0x0c 0x7b 0x3f 0x02 0xd8 0x20 0x30 0x10 0xac  NOP;                NOP;                NOP;                          NOP;                          VLDA.SPIL wd0, [sp, #-128];   NOP;                                    VMAC.48 bm3, ya.s16, r12, c1, r0, wc1.s16, #8, c0, c2
.nohwbrkpt
.noswbrkpt
	  1950    0x00 0x00 0x00 0x00 0x10 0x00 0x00 0x0c 0x7a 0xba 0xc2 0xd8 0x00 0x00 0x10 0xb8  NOP;                NOP;                NOP;                          NOP;                          VLDA.SPIL wc1, [sp, #-672];   NOP;                                    VMAC.48 bm2, yd.s16, r0, c1, r0, wc1.s16, #0, c0, c2
.nohwbrkpt
.noswbrkpt
	  1966    0x00 0x00 0x00 0x00 0x10 0x00 0x00 0x0c 0x78 0x3e 0x82 0xd8 0x20 0x30 0x10 0xb8  NOP;                NOP;                NOP;                          NOP;                          VLDA.SPIL wr0, [sp, #-192];   NOP;                                    VMAC.48 bm2, yd.s16, r12, c1, r0, wc1.s16, #8, c0, c2
.nohwbrkpt
.noswbrkpt
	  1982    0x00 0x00 0x00 0x00 0x10 0x00 0x00 0x0c 0x7a 0xbb 0x82 0xd8 0x00 0x00 0x10 0x94  NOP;                NOP;                NOP;                          NOP;                          VLDA.SPIL wc1, [sp, #-576];   NOP;                                    VMAC.48 bm1, yd.s16, r0, c1, r0, wc0.s16, #0, c0, c2
.nohwbrkpt
.noswbrkpt
	  1998    0x80 0x00 0x05 0x82 0x03 0x01 0x09 0x47                                          NOP;                                    NOP;                                                                                                                              VMAC.48 bm1, yd.s16, r12, c1, r0, wc0.s16, #8, c0, c2
.nohwbrkpt
.noswbrkpt
	  2006    0x80 0x00 0x00 0xc7 0x83 0xe0 0x27 0xf7                                                                                  NOP;                                                        VLDA.SPIL wr0, [sp, #-256];   NOP
.nohwbrkpt
.noswbrkpt
	  2014    0x00 0x00 0x00 0x00 0x1e 0x0e 0x8b 0x0c 0x7a 0xbb 0x02 0xd8 0x00 0x00 0x10 0xa4  NOP;                NOP;                VST.48.SRSL aml3, s0, [p3], #32;NOP;                        VLDA.SPIL wc1, [sp, #-640];   NOP;                                    VMAC.48 bm1, ya.s16, r0, c1, r0, wc1.s16, #0, c0, c2
.nohwbrkpt
.noswbrkpt
	  2030    0xf0 0xf4 0x5d 0x82 0x03 0x01 0x0a 0x47                                          NOP;                                    VST.48.SRSL amh3, s0, [p3], #32;                                                                                                  VMAC.48 bm1, ya.s16, r12, c1, r0, wc1.s16, #8, c0, c2
.nohwbrkpt
.noswbrkpt
	  2038    0x00 0x00 0x00 0x00 0x10 0x00 0x00 0x0c 0x78 0x3d 0x82 0xd8 0x00 0x00 0x10 0xb8  NOP;                NOP;                NOP;                          NOP;                          VLDA.SPIL wr0, [sp, #-320];   NOP;                                    VMAC.48 bm2, yd.s16, r0, c1, r0, wc1.s16, #0, c0, c2
.nohwbrkpt
.noswbrkpt
	  2054    0x00 0x00 0x00 0x00 0x10 0x00 0x00 0x0c 0x7a 0xba 0x82 0xd8 0x20 0x30 0x10 0xb8  NOP;                NOP;                NOP;                          NOP;                          VLDA.SPIL wc1, [sp, #-704];   NOP;                                    VMAC.48 bm2, yd.s16, r12, c1, r0, wc1.s16, #8, c0, c2
.nohwbrkpt
.noswbrkpt
	  2070    0x00 0x00 0x00 0x00 0x10 0x00 0x00 0x0c 0x7b 0x3d 0x02 0xd8 0x00 0x00 0x10 0xa8  NOP;                NOP;                NOP;                          NOP;                          VLDA.SPIL wd0, [sp, #-384];   NOP;                                    VMAC.48 bm2, ya.s16, r0, c1, r0, wc1.s16, #0, c0, c2
.nohwbrkpt
.noswbrkpt
	  2086    0x00 0x00 0x00 0x00 0x10 0x00 0x00 0x0c 0x7a 0xbb 0x42 0xd8 0x20 0x30 0x10 0xa8  NOP;                NOP;                NOP;                          NOP;                          VLDA.SPIL wc1, [sp, #-608];   NOP;                                    VMAC.48 bm2, ya.s16, r12, c1, r0, wc1.s16, #8, c0, c2
.nohwbrkpt
.noswbrkpt
	  2102    0x80 0x00 0x00 0xc7 0x83 0xc4 0x27 0xf7                                                                                  NOP;                                                        VLDA.SPIL wr0, [sp, #-480];   NOP
.nohwbrkpt
.noswbrkpt
	  2110    0x16 0x86 0x7c 0x0d 0x1e 0x00 0x06 0xc0 0x00 0x00 0x85 0x4f                      VLDA wc1, [p1], m3;                     VST.48.SRSL aml1, s0, [p7], #32;NOP;                                                      NOP;                                    VMAC.48 bm2, ya.s16, r0, c1, r0, wc1.s16, #0, c0, c2
.nohwbrkpt
.noswbrkpt
	  2122    0xf0 0xb4 0x7d 0x82 0x03 0x01 0x0a 0x87                                          NOP;                                    VST.48.SRSL amh1, s0, [p7], #32;                                                                                                  VMAC.48 bm2, ya.s16, r12, c1, r0, wc1.s16, #8, c0, c2
.nohwbrkpt
.noswbrkpt
	  2130    0x80 0x00 0x00 0xc7 0x83 0xc8 0x27 0xf7                                                                                  NOP;                                                        VLDA.SPIL wr0, [sp, #-448];   NOP
.nohwbrkpt
.noswbrkpt
	  2138    0x80 0x00 0x05 0x80 0x00 0x01 0x0a 0x87                                          NOP;                                    NOP;                                                                                                                              VMAC.48 bm2, ya.s16, r0, c1, r0, wc1.s16, #0, c0, c2
.nohwbrkpt
.noswbrkpt
	  2146    0x80 0x00 0x05 0x82 0x03 0x01 0x0a 0x87                                          NOP;                                    NOP;                                                                                                                              VMAC.48 bm2, ya.s16, r12, c1, r0, wc1.s16, #8, c0, c2
.nohwbrkpt
.noswbrkpt
	  2154    0x80 0x00 0x05 0x80 0x00 0x01 0x0b 0x87                                          NOP;                                    NOP;                                                                                                                              VMAC.48 bm2, yd.s16, r0, c1, r0, wc1.s16, #0, c0, c2
.nohwbrkpt
.noswbrkpt
	  2162    0x80 0x00 0x05 0x82 0x03 0x01 0x0b 0x87                                          NOP;                                    NOP;                                                                                                                              VMAC.48 bm2, yd.s16, r12, c1, r0, wc1.s16, #8, c0, c2
.nohwbrkpt
.noswbrkpt
	  2170    0x80 0x00 0x05 0x80 0x00 0x01 0x0a 0x07                                          NOP;                                    NOP;                                                                                                                              VMAC.48 bm0, ya.s16, r0, c1, r0, wc1.s16, #0, c0, c2
.nohwbrkpt
.noswbrkpt
	  2178    0x80 0x00 0x05 0x82 0x03 0x01 0x0a 0x07                                          NOP;                                    NOP;                                                                                                                              VMAC.48 bm0, ya.s16, r12, c1, r0, wc1.s16, #8, c0, c2
	  2186    0x80 0x00 0x05 0x80 0x00 0x01 0x0a 0x87                                          NOP;                                    NOP;                                                                                                                              VMAC.48 bm2, ya.s16, r0, c1, r0, wc1.s16, #0, c0, c2
	  2194    0x80 0x00 0x05 0x82 0x03 0x01 0x0a 0x87                                          NOP;                                    NOP;                                                                                                                              VMAC.48 bm2, ya.s16, r12, c1, r0, wc1.s16, #8, c0, c2
	  2202    0x00 0x01                                                                        NOP
	  2204    0x00 0x01                                                                        NOP
	  2206    0x00 0x01                                                                        NOP
	  2208    0xf0 0x14 0x58 0x03                                                              NOP;                                    VST.48.SRSL aml0, s0, [p3], #32
	  2212    0x00 0x00 0x00 0x00 0x1c 0x25 0x16 0x00 0x00 0x00 0x00 0x1f                      NOP;                NOP;                VST.48.SRSL amh0, s0, [p3], #32;NOP;                        NOP
.label ZLE_Fmatmul_i16_i32_2224
.end_of_loop
	  2224    0x00 0x00 0x00 0x00 0x0e 0x0a 0x8f 0x00 0x00 0x00 0x00 0x00 0x00 0x00 0x00 0x02  NOP;                NOP;                VST.48.SRSL aml2, s0, [p7], #32;NOP;                        NOP;                          NOP;                                    NOP
.loop_nesting 1
.nohwbrkpt
.noswbrkpt
	  2240    0x08 0x84 0x84 0x40 0x1c 0x35 0x1e 0x0e 0x26 0x40 0x00 0x1f                      PADDA [p2], m2;     PADDB [p0], m0;     VST.48.SRSL amh2, s0, [p7], #32;BDEC r9, r9, cb0;           NOP
.delay_slot
.nohwbrkpt
.noswbrkpt
	  2252    0x08 0x82 0x40 0x00 0x00 0x00 0x00 0x37                                          PADDA [p1], m1;                         NOP;                          NOP
.delay_slot
.nohwbrkpt
.noswbrkpt
	  2260    0x08 0x80 0x06 0x8a 0xd4 0x02 0x12 0x77                                          PADDA [p0], m0;                         PADDS [p2], m2;                                             MOV p3, p0
.delay_slot
.nohwbrkpt
.noswbrkpt
	  2268    0x06 0xa2 0xc6 0xab 0xc0 0x00 0x00 0x77                                          VLDA wr1, [p3], #32;                                                  NOP;                          MOV p7, p2
.delay_slot
.nohwbrkpt
.noswbrkpt
	  2276    0x1a 0xa2 0xc6 0x8b 0x00 0x00 0x00 0x77                                          VLDA wd0, [p3], #32;                                                  NOP;                          MOV p4, p0
.delay_slot
.nohwbrkpt
.noswbrkpt
	  2284    0x0a 0xa3 0x01 0x51 0x60 0x00 0x00 0x17                                          VLDA wr2, [p4], #32;VLDB wr0, [p3], #32;                              NOP
.loop_nesting 0
.nohwbrkpt
.noswbrkpt
	  2292    0x1e 0xa2 0xc9 0x51 0x88 0x01 0x88 0x04 0x06 0x0d 0x40 0x3f                      VLDA wd1, [p3], #32;VLDB wc0, [p4], #32;                              MOV.s12 lc, #3;               MOV.u20 ls, #(ZLS_Fmatmul_i16_i32_3392 + 0);NOP
.nohwbrkpt
.noswbrkpt
	  2304    0x1a 0xa2 0xc7 0x51 0x90 0x00 0x00 0x04 0x06 0xd1 0x10 0x3f                      VLDA wd0, [p3], #32;VLDB wr3, [p4], #32;NOP;                                                        MOV.u20 le, #(ZLE_Fmatmul_i16_i32_4368 + 0);NOP
.nohwbrkpt
.noswbrkpt
	  2316    0x1e 0xa2 0xcb 0x51 0x80 0x00 0x00 0x17                                          VLDA wd1, [p3], #32;VLDB wc1, [p4], #32;                              NOP
.nohwbrkpt
.noswbrkpt
	  2324    0x1a 0xa2 0xc9 0x51 0x80 0x00 0x00 0x17                                          VLDA wd0, [p3], #32;VLDB wc0, [p4], #32;                              NOP
.nohwbrkpt
.noswbrkpt
	  2332    0x1e 0xd0 0xc0 0x00 0x10 0x00 0x00 0x0e 0x2f 0xfe 0x00 0x3f                      VLDA wd1, [p3];     NOP;                NOP;                                                        VST.SPIL wr1, [sp, #-32];     NOP
.nohwbrkpt
.noswbrkpt
	  2344    0x16 0xa3 0x06 0xaa 0xd7 0x73 0xfe 0x77                                          VLDA wc1, [p4], #32;                    VST wd0, [sp, #-64];                                        MOV p3, p2
.nohwbrkpt
.noswbrkpt
	  2352    0x1a 0xa2 0xe4 0x54 0x57 0x43 0xfc 0x77                                          VLDA wd0, [p3], #32;                    VST wr0, [sp, #-128];                                       VMOV wr0, wr2
.nohwbrkpt
.noswbrkpt
	  2360    0x1e 0xa2 0xc0 0x00 0x10 0x00 0x00 0x0e 0xef 0xf4 0x00 0x3f                      VLDA wd1, [p3], #32;NOP;                NOP;                                                        VST.SPIL wd1, [sp, #-192];    NOP
.nohwbrkpt
.noswbrkpt
	  2372    0x12 0xa3 0x00 0x00 0x10 0x00 0x00 0x0e 0xcf 0xf0 0x00 0x3f                      VLDA wc0, [p4], #32;NOP;                NOP;                                                        VST.SPIL wd0, [sp, #-256];    NOP
.nohwbrkpt
.noswbrkpt
	  2384    0x12 0xa2 0x40 0x00 0x10 0x00 0x00 0x0e 0x8f 0xfa 0x00 0x3f                      VLDA wc0, [p1], #32;NOP;                NOP;                                                        VST.SPIL wc0, [sp, #-96];     NOP
.nohwbrkpt
.noswbrkpt
	  2396    0x1a 0xa3 0xc3 0x57 0x30 0x00 0x00 0x0e 0xef 0xec 0x00 0x3f                      VLDA wd0, [p7], #32;VLDB wr1, [p1], #224;NOP;                                                       VST.SPIL wd1, [sp, #-320];    NOP
.nohwbrkpt
.noswbrkpt
	  2408    0x16 0xd1 0x0f 0x51 0xf0 0x00 0x00 0x0e 0xaf 0xf2 0x00 0x3f                      VLDA wc1, [p4];     VLDB wd1, [p7], #32;NOP;                                                        VST.SPIL wc1, [sp, #-224];    NOP
.nohwbrkpt
.noswbrkpt
	  2420    0x16 0xa2 0x60 0x22 0xd7 0x73 0xf4 0x77                                          VLDA wc1, [p1], #32;                    VST wd0, [sp, #-384];                                       VMOV.48.UPSL aml3, wd0, s0
.nohwbrkpt
.noswbrkpt
	  2428    0x80 0x00 0x00 0xee 0xfe 0x40 0x07 0xf7                                                                                  NOP;                                                        VST.SPIL wd1, [sp, #-448];    NOP
.nohwbrkpt
.noswbrkpt
	  2436    0x76 0x3f 0x70 0x00 0x01 0x27 0xba 0xf7                                                                                  VST wc0, [sp, #-288];         NOP;                          VMOV wd0, wd1
.nohwbrkpt
.noswbrkpt
	  2444    0x76 0x3f 0x30 0x00 0x01 0x01 0x1e 0xf7                                                                                  VST wc0, [sp, #-416];         NOP;                          VMOV.48.UPSL amh3, wd0, s0
.nohwbrkpt
.noswbrkpt
	  2452    0x76 0xbf 0x58 0x08 0x91 0x00 0x3e 0xc0 0x01 0x00 0x84 0x6f                      NOP;                                    VST wc1, [sp, #-352];                                       VMOV.48.UPSL aml1, wd0, s0;   NOP;                                    VMAC.48 bm3, ya.s16, r8, c1, r0, wc0.s16, #0, c0, c2
.nohwbrkpt
.noswbrkpt
	  2464    0x00 0x00 0x00 0x00 0x10 0x00 0x00 0x0c 0x7b 0x3f 0xc2 0xd8 0x20 0x30 0x10 0x8c  NOP;                NOP;                NOP;                          NOP;                          VLDA.SPIL wd0, [sp, #-32];    NOP;                                    VMAC.48 bm3, ya.s16, r12, c1, r0, wc0.s16, #8, c0, c2
.nohwbrkpt
.noswbrkpt
	  2480    0x76 0xbf 0x10 0x00 0x01 0x27 0xba 0xf7                                                                                  VST wc1, [sp, #-480];         NOP;                          VMOV wd0, wd1
.nohwbrkpt
.noswbrkpt
	  2488    0x1a 0xff 0xa0 0x23 0x40 0x00 0x00 0x77                                          VLDA wd0, [sp, #-64];                                                 NOP;                          VMOV.48.UPSL amh1, wd0, s0
.nohwbrkpt
.noswbrkpt
	  2496    0x80 0x00 0x00 0xc7 0x83 0xf4 0x27 0xf7                                                                                  NOP;                                                        VLDA.SPIL wr0, [sp, #-96];    NOP
.nohwbrkpt
.noswbrkpt
	  2504    0x1a 0xa2 0xc0 0x00 0x10 0x00 0x00 0x0e 0x2f 0xe0 0x00 0x3f                      VLDA wd0, [p3], #32;NOP;                NOP;                                                        VST.SPIL wr1, [sp, #-512];    NOP
.nohwbrkpt
.noswbrkpt
	  2516    0x00 0x00 0x0f 0x5d 0x70 0x00 0x00 0x0c 0x7a 0x3c 0x02 0x3f                      NOP;                VLDB wd1, [p3], #-96;NOP;                                                       VLDA.SPIL wc0, [sp, #-512];   NOP
.nohwbrkpt
.noswbrkpt
	  2528    0x16 0xae 0x40 0x00 0x10 0x00 0x00 0x0e 0x6f 0xf6 0x00 0x3f                      VLDA wc1, [p1], #224;NOP;               NOP;                                                        VST.SPIL wr3, [sp, #-160];    NOP
.nohwbrkpt
.noswbrkpt
	  2540    0x80 0x00 0x05 0x80 0x00 0x01 0x09 0x47                                          NOP;                                    NOP;                                                                                                                              VMAC.48 bm1, yd.s16, r0, c1, r0, wc0.s16, #0, c0, c2
.nohwbrkpt
.noswbrkpt
	  2548    0x80 0x00 0x05 0x82 0x03 0x01 0x09 0x47                                          NOP;                                    NOP;                                                                                                                              VMAC.48 bm1, yd.s16, r12, c1, r0, wc0.s16, #8, c0, c2
.nohwbrkpt
.noswbrkpt
	  2556    0x80 0x00 0x05 0x80 0x00 0x01 0x0b 0x47                                          NOP;                                    NOP;                                                                                                                              VMAC.48 bm1, yd.s16, r0, c1, r0, wc1.s16, #0, c0, c2
.nohwbrkpt
.noswbrkpt
	  2564    0x02 0xff 0x4d 0x51 0xf0 0x00 0x00 0x60 0x22 0x00 0x00 0xd8 0x20 0x30 0x10 0xb4  VLDA wr0, [sp, #-96];VLDB wd0, [p7], #32;NOP;                         NOP;                          VMOV.48.UPSL aml0, wd0, s0;   NOP;                                    VMAC.48 bm1, yd.s16, r12, c1, r0, wc1.s16, #8, c0, c2
.nohwbrkpt
.noswbrkpt
	  2580    0x1e 0xbb 0xe0 0x00 0x00 0x00 0x06 0xc0 0x00 0x00 0x85 0x6f                      VLDA wd1, [p7], #-96;                   NOP;                          NOP;                                                        NOP;                                    VMAC.48 bm3, ya.s16, r0, c1, r0, wc1.s16, #0, c0, c2
.nohwbrkpt
.noswbrkpt
	  2592    0x02 0xfe 0xc0 0x00 0x10 0x00 0x00 0x64 0xf4 0xc0 0x00 0xd8 0x20 0x30 0x10 0xac  VLDA wr0, [sp, #-160];NOP;              NOP;                          NOP;                          VMOV wr1, wd1;                NOP;                                    VMAC.48 bm3, ya.s16, r12, c1, r0, wc1.s16, #8, c0, c2
.nohwbrkpt
.noswbrkpt
	  2608    0x76 0xbf 0x00 0x00 0x01 0x21 0xba 0xf7                                                                                  VST wc1, [sp, #-512];         NOP;                          VMOV wd0, wr1
.nohwbrkpt
.noswbrkpt
	  2616    0x48 0xa8 0x98 0x03                                                              NOP;                                                                                                VMOV wr0, wr2
.nohwbrkpt
.noswbrkpt
	  2620    0x1a 0xff 0xc0 0x00 0x10 0x00 0x00 0x60 0x23 0x00 0x00 0xd8 0x00 0x00 0x10 0x80  VLDA wd0, [sp, #-32];NOP;               NOP;                          NOP;                          VMOV.48.UPSL amh0, wd0, s0;   NOP;                                    VMAC.48 bm0, ya.s16, r0, c1, r0, wc0.s16, #0, c0, c2
.nohwbrkpt
.noswbrkpt
	  2636    0x00 0x00 0x08 0x08 0xa1 0x00 0x3e 0xc1 0x01 0x80 0x84 0x0f                      NOP;                                    NOP;                                                        VMOV.48.UPSL aml2, wd0, s0;   NOP;                                    VMAC.48 bm0, ya.s16, r12, c1, r0, wc0.s16, #8, c0, c2
.nohwbrkpt
.noswbrkpt
	  2648    0x00 0x00 0x09 0x51 0x30 0x00 0x00 0x0c 0x7b 0x3f 0x02 0xd8 0x00 0x00 0x10 0xa0  NOP;                VLDB wc0, [p1], #32;NOP;                          NOP;                          VLDA.SPIL wd0, [sp, #-128];   NOP;                                    VMAC.48 bm0, ya.s16, r0, c1, r0, wc1.s16, #0, c0, c2
.nohwbrkpt
.noswbrkpt
	  2664    0x16 0xae 0x40 0x00 0x10 0x00 0x00 0x64 0xf4 0xc0 0x00 0xd8 0x20 0x30 0x10 0xa0  VLDA wc1, [p1], #224;NOP;               NOP;                          NOP;                          VMOV wr1, wd1;                NOP;                                    VMAC.48 bm0, ya.s16, r12, c1, r0, wc1.s16, #8, c0, c2
.nohwbrkpt
.noswbrkpt
	  2680    0x48 0x6e 0x98 0x03                                                              NOP;                                                                                                VMOV wd0, wr1
.nohwbrkpt
.noswbrkpt
	  2684    0x16 0xa2 0x60 0x23 0x80 0x00 0x00 0x77                                          VLDA wc1, [p1], #32;                                                  NOP;                          VMOV.48.UPSL amh2, wd0, s0
.nohwbrkpt
.noswbrkpt
	  2692    0x00 0x01                                                                        NOP
.nohwbrkpt
.noswbrkpt
	  2694    0x00 0x00 0x00 0x00 0x10 0x00 0x00 0x0c 0x78 0x3e 0x42 0xd8 0x00 0x00 0x10 0x98  NOP;                NOP;                NOP;                          NOP;                          VLDA.SPIL wr0, [sp, #-224];   NOP;                                    VMAC.48 bm2, yd.s16, r0, c1, r0, wc0.s16, #0, c0, c2
.nohwbrkpt
.noswbrkpt
	  2710    0x00 0x00 0x09 0x57 0x30 0x00 0x00 0x0c 0x7b 0x3d 0xc2 0xd8 0x20 0x30 0x10 0x98  NOP;                VLDB wc0, [p1], #224;NOP;                         NOP;                          VLDA.SPIL wd0, [sp, #-288];   NOP;                                    VMAC.48 bm2, yd.s16, r12, c1, r0, wc0.s16, #8, c0, c2
.nohwbrkpt
.noswbrkpt
	  2726    0x80 0x00 0x05 0x80 0x00 0x01 0x08 0xc7                                          NOP;                                    NOP;                                                                                                                              VMAC.48 bm3, ya.s16, r0, c1, r0, wc0.s16, #0, c0, c2
.nohwbrkpt
.noswbrkpt
	  2734    0x00 0x00 0x00 0x00 0x10 0x00 0x00 0x0e 0xaf 0xd6 0x00 0xd8 0x00 0x00 0x10 0xa0  NOP;                NOP;                NOP;                          NOP;                          VST.SPIL wc1, [sp, #-672];    NOP;                                    VMAC.48 bm0, ya.s16, r0, c1, r0, wc1.s16, #0, c0, c2
.nohwbrkpt
.noswbrkpt
	  2750    0x80 0x00 0x05 0x82 0x03 0x01 0x0a 0x07                                          NOP;                                    NOP;                                                                                                                              VMAC.48 bm0, ya.s16, r12, c1, r0, wc1.s16, #8, c0, c2
.nohwbrkpt
.noswbrkpt
	  2758    0x00 0x00 0x00 0x00 0x10 0x00 0x00 0x0c 0x78 0x3e 0x82 0xd8 0x00 0x00 0x10 0x94  NOP;                NOP;                NOP;                          NOP;                          VLDA.SPIL wr0, [sp, #-192];   NOP;                                    VMAC.48 bm1, yd.s16, r0, c1, r0, wc0.s16, #0, c0, c2
.nohwbrkpt
.noswbrkpt
	  2774    0x80 0x00 0x05 0x82 0x03 0x01 0x08 0xc7                                          NOP;                                    NOP;                                                                                                                              VMAC.48 bm3, ya.s16, r12, c1, r0, wc0.s16, #8, c0, c2
.nohwbrkpt
.noswbrkpt
	  2782    0x00 0x00 0x0b 0x51 0x30 0x00 0x00 0x0c 0x78 0x3e 0x02 0xd8 0x20 0x30 0x10 0x94  NOP;                VLDB wc1, [p1], #32;NOP;                          NOP;                          VLDA.SPIL wr0, [sp, #-256];   NOP;                                    VMAC.48 bm1, yd.s16, r12, c1, r0, wc0.s16, #8, c0, c2
.nohwbrkpt
.noswbrkpt
	  2798    0x12 0xae 0x40 0x00 0x10 0x00 0x00 0x0e 0x8f 0xdc 0x00 0xd8 0x00 0x00 0x10 0xac  VLDA wc0, [p1], #224;NOP;               NOP;                          NOP;                          VST.SPIL wc0, [sp, #-576];    NOP;                                    VMAC.48 bm3, ya.s16, r0, c1, r0, wc1.s16, #0, c0, c2
.nohwbrkpt
.noswbrkpt
	  2814    0x80 0x00 0x05 0x80 0x00 0x01 0x08 0x07                                          NOP;                                    NOP;                                                                                                                              VMAC.48 bm0, ya.s16, r0, c1, r0, wc0.s16, #0, c0, c2
.nohwbrkpt
.noswbrkpt
	  2822    0x00 0x00 0x00 0x00 0x10 0x00 0x00 0x0c 0x78 0x3d 0x42 0xd8 0x20 0x30 0x10 0xac  NOP;                NOP;                NOP;                          NOP;                          VLDA.SPIL wr0, [sp, #-352];   NOP;                                    VMAC.48 bm3, ya.s16, r12, c1, r0, wc1.s16, #8, c0, c2
.nohwbrkpt
.noswbrkpt
	  2838    0x80 0x00 0x05 0x82 0x03 0x01 0x08 0x07                                          NOP;                                    NOP;                                                                                                                              VMAC.48 bm0, ya.s16, r12, c1, r0, wc0.s16, #8, c0, c2
.nohwbrkpt
.noswbrkpt
	  2846    0x16 0xa2 0x60 0x00 0x00 0x00 0x06 0xc0 0x00 0x00 0x85 0x2f                      VLDA wc1, [p1], #32;                    NOP;                          NOP;                                                        NOP;                                    VMAC.48 bm1, ya.s16, r0, c1, r0, wc1.s16, #0, c0, c2
.nohwbrkpt
.noswbrkpt
	  2858    0x00 0x00 0x09 0x57 0x30 0x00 0x00 0x0c 0x7b 0x3c 0xc2 0xd8 0x20 0x30 0x10 0xa4  NOP;                VLDB wc0, [p1], #224;NOP;                         NOP;                          VLDA.SPIL wd0, [sp, #-416];   NOP;                                    VMAC.48 bm1, ya.s16, r12, c1, r0, wc1.s16, #8, c0, c2
.nohwbrkpt
.noswbrkpt
	  2874    0x80 0x00 0x05 0x80 0x00 0x01 0x0a 0x47                                          NOP;                                    NOP;                                                                                                                              VMAC.48 bm1, ya.s16, r0, c1, r0, wc1.s16, #0, c0, c2
.nohwbrkpt
.noswbrkpt
	  2882    0x00 0x00 0x00 0x00 0x10 0x00 0x00 0x0e 0x8f 0xd8 0x00 0xd8 0x00 0x00 0x10 0xbc  NOP;                NOP;                NOP;                          NOP;                          VST.SPIL wc0, [sp, #-640];    NOP;                                    VMAC.48 bm3, yd.s16, r0, c1, r0, wc1.s16, #0, c0, c2
.nohwbrkpt
.noswbrkpt
	  2898    0x12 0xa2 0x60 0x00 0x00 0x00 0x06 0xc1 0x01 0x80 0x85 0x2f                      VLDA wc0, [p1], #32;                    NOP;                          NOP;                                                        NOP;                                    VMAC.48 bm1, ya.s16, r12, c1, r0, wc1.s16, #8, c0, c2
.nohwbrkpt
.noswbrkpt
	  2910    0x00 0x00 0x00 0x00 0x10 0x00 0x00 0x0c 0x78 0x3d 0x82 0xd8 0x00 0x00 0x10 0x90  NOP;                NOP;                NOP;                          NOP;                          VLDA.SPIL wr0, [sp, #-320];   NOP;                                    VMAC.48 bm0, yd.s16, r0, c1, r0, wc0.s16, #0, c0, c2
.nohwbrkpt
.noswbrkpt
	  2926    0x80 0x00 0x05 0x82 0x03 0x01 0x0b 0xc7                                          NOP;                                    NOP;                                                                                                                              VMAC.48 bm3, yd.s16, r12, c1, r0, wc1.s16, #8, c0, c2
.nohwbrkpt
.noswbrkpt
	  2934    0x00 0x00 0x0b 0x57 0x30 0x00 0x00 0x0c 0x78 0x3c 0x42 0xd8 0x20 0x30 0x10 0x90  NOP;                VLDB wc1, [p1], #224;NOP;                         NOP;                          VLDA.SPIL wr0, [sp, #-480];   NOP;                                    VMAC.48 bm0, yd.s16, r12, c1, r0, wc0.s16, #8, c0, c2
.nohwbrkpt
.noswbrkpt
	  2950    0x00 0x00 0x00 0x00 0x10 0x00 0x00 0x0e 0x8f 0xd4 0x00 0xd8 0x00 0x00 0x10 0x80  NOP;                NOP;                NOP;                          NOP;                          VST.SPIL wc0, [sp, #-704];    NOP;                                    VMAC.48 bm0, ya.s16, r0, c1, r0, wc0.s16, #0, c0, c2
.nohwbrkpt
.noswbrkpt
	  2966    0x80 0x00 0x05 0x80 0x00 0x01 0x0a 0xc7                                          NOP;                                    NOP;                                                                                                                              VMAC.48 bm3, ya.s16, r0, c1, r0, wc1.s16, #0, c0, c2
.nohwbrkpt
.noswbrkpt
	  2974    0x16 0xa2 0x60 0x00 0x00 0x00 0x06 0xc1 0x01 0x80 0x84 0x0f                      VLDA wc1, [p1], #32;                    NOP;                          NOP;                                                        NOP;                                    VMAC.48 bm0, ya.s16, r12, c1, r0, wc0.s16, #8, c0, c2
.nohwbrkpt
.noswbrkpt
	  2986    0x00 0x00 0x00 0x00 0x10 0x00 0x00 0x0c 0x7b 0x3f 0x82 0xd8 0x20 0x30 0x10 0xac  NOP;                NOP;                NOP;                          NOP;                          VLDA.SPIL wd0, [sp, #-64];    NOP;                                    VMAC.48 bm3, ya.s16, r12, c1, r0, wc1.s16, #8, c0, c2
.nohwbrkpt
.noswbrkpt
	  3002    0x80 0x00 0x05 0x80 0x00 0x01 0x0a 0x47                                          NOP;                                    NOP;                                                                                                                              VMAC.48 bm1, ya.s16, r0, c1, r0, wc1.s16, #0, c0, c2
.nohwbrkpt
.noswbrkpt
	  3010    0x00 0x00 0x00 0x00 0x10 0x00 0x00 0x0c 0x7a 0xbc 0x02 0xd8 0x20 0x30 0x10 0xa4  NOP;                NOP;                NOP;                          NOP;                          VLDA.SPIL wc1, [sp, #-512];   NOP;                                    VMAC.48 bm1, ya.s16, r12, c1, r0, wc1.s16, #8, c0, c2
.nohwbrkpt
.noswbrkpt
	  3026    0x00 0x00 0x00 0x00 0x10 0x00 0x00 0x0e 0xaf 0xda 0x00 0xd8 0x00 0x00 0x10 0xb0  NOP;                NOP;                NOP;                          NOP;                          VST.SPIL wc1, [sp, #-608];    NOP;                                    VMAC.48 bm0, yd.s16, r0, c1, r0, wc1.s16, #0, c0, c2
.nohwbrkpt
.noswbrkpt
	  3042    0x00 0x00 0x00 0x00 0x10 0x00 0x00 0x0c 0x7b 0x3d 0x02 0xd8 0x00 0x00 0x10 0x9c  NOP;                NOP;                NOP;                          NOP;                          VLDA.SPIL wd0, [sp, #-384];   NOP;                                    VMAC.48 bm3, yd.s16, r0, c1, r0, wc0.s16, #0, c0, c2
.nohwbrkpt
.noswbrkpt
	  3058    0x00 0x00 0x00 0x00 0x10 0x00 0x00 0x0c 0x78 0x3c 0x82 0xd8 0x20 0x30 0x10 0xb0  NOP;                NOP;                NOP;                          NOP;                          VLDA.SPIL wr0, [sp, #-448];   NOP;                                    VMAC.48 bm0, yd.s16, r12, c1, r0, wc1.s16, #8, c0, c2
.nohwbrkpt
.noswbrkpt
	  3074    0x00 0x00 0x00 0x00 0x10 0x00 0x00 0x0e 0xaf 0xde 0x00 0xd8 0x20 0x30 0x10 0x9c  NOP;                NOP;                NOP;                          NOP;                          VST.SPIL wc1, [sp, #-544];    NOP;                                    VMAC.48 bm3, yd.s16, r12, c1, r0, wc0.s16, #8, c0, c2
.nohwbrkpt
.noswbrkpt
	  3090    0x00 0x00 0x00 0x00 0x10 0x00 0x00 0x0c 0x7a 0xbb 0xc2 0xd8 0x00 0x00 0x10 0xac  NOP;                NOP;                NOP;                          NOP;                          VLDA.SPIL wc1, [sp, #-544];   NOP;                                    VMAC.48 bm3, ya.s16, r0, c1, r0, wc1.s16, #0, c0, c2
.nohwbrkpt
.noswbrkpt
	  3106    0x00 0x00 0x00 0x00 0x10 0x00 0x00 0x0c 0x7b 0x3f 0x02 0xd8 0x20 0x30 0x10 0xac  NOP;                NOP;                NOP;                          NOP;                          VLDA.SPIL wd0, [sp, #-128];   NOP;                                    VMAC.48 bm3, ya.s16, r12, c1, r0, wc1.s16, #8, c0, c2
.nohwbrkpt
.noswbrkpt
	  3122    0x00 0x00 0x00 0x00 0x10 0x00 0x00 0x0c 0x7a 0xba 0xc2 0xd8 0x00 0x00 0x10 0xb8  NOP;                NOP;                NOP;                          NOP;                          VLDA.SPIL wc1, [sp, #-672];   NOP;                                    VMAC.48 bm2, yd.s16, r0, c1, r0, wc1.s16, #0, c0, c2
.nohwbrkpt
.noswbrkpt
	  3138    0x00 0x00 0x00 0x00 0x10 0x00 0x00 0x0c 0x78 0x3e 0x82 0xd8 0x20 0x30 0x10 0xb8  NOP;                NOP;                NOP;                          NOP;                          VLDA.SPIL wr0, [sp, #-192];   NOP;                                    VMAC.48 bm2, yd.s16, r12, c1, r0, wc1.s16, #8, c0, c2
.nohwbrkpt
.noswbrkpt
	  3154    0x00 0x00 0x00 0x00 0x10 0x00 0x00 0x0c 0x7a 0xbb 0x82 0xd8 0x00 0x00 0x10 0x94  NOP;                NOP;                NOP;                          NOP;                          VLDA.SPIL wc1, [sp, #-576];   NOP;                                    VMAC.48 bm1, yd.s16, r0, c1, r0, wc0.s16, #0, c0, c2
.nohwbrkpt
.noswbrkpt
	  3170    0x00 0x00 0x00 0x00 0x10 0x00 0x00 0x0c 0x7b 0x3d 0x02 0xd8 0x20 0x30 0x10 0x94  NOP;                NOP;                NOP;                          NOP;                          VLDA.SPIL wd0, [sp, #-384];   NOP;                                    VMAC.48 bm1, yd.s16, r12, c1, r0, wc0.s16, #8, c0, c2
.nohwbrkpt
.noswbrkpt
	  3186    0x80 0x00 0x00 0xc7 0x83 0xe0 0x27 0xf7                                                                                  NOP;                                                        VLDA.SPIL wr0, [sp, #-256];   NOP
.nohwbrkpt
.noswbrkpt
	  3194    0x00 0x00 0x00 0x00 0x1e 0x0e 0x8b 0x0c 0x7a 0xbb 0x02 0xd8 0x00 0x00 0x10 0xa4  NOP;                NOP;                VST.48.SRSL aml3, s0, [p3], #32;NOP;                        VLDA.SPIL wc1, [sp, #-640];   NOP;                                    VMAC.48 bm1, ya.s16, r0, c1, r0, wc1.s16, #0, c0, c2
.nohwbrkpt
.noswbrkpt
	  3210    0xf0 0xf4 0x5d 0x82 0x03 0x01 0x0a 0x47                                          NOP;                                    VST.48.SRSL amh3, s0, [p3], #32;                                                                                                  VMAC.48 bm1, ya.s16, r12, c1, r0, wc1.s16, #8, c0, c2
.nohwbrkpt
.noswbrkpt
	  3218    0x00 0x00 0x00 0x00 0x10 0x00 0x00 0x0c 0x7a 0xba 0x82 0xd8 0x00 0x00 0x10 0xb8  NOP;                NOP;                NOP;                          NOP;                          VLDA.SPIL wc1, [sp, #-704];   NOP;                                    VMAC.48 bm2, yd.s16, r0, c1, r0, wc1.s16, #0, c0, c2
.nohwbrkpt
.noswbrkpt
	  3234    0x00 0x00 0x00 0x00 0x10 0x00 0x00 0x0c 0x78 0x3d 0x82 0xd8 0x20 0x30 0x10 0xb8  NOP;                NOP;                NOP;                          NOP;                          VLDA.SPIL wr0, [sp, #-320];   NOP;                                    VMAC.48 bm2, yd.s16, r12, c1, r0, wc1.s16, #8, c0, c2
.nohwbrkpt
.noswbrkpt
	  3250    0x80 0x00 0x05 0x80 0x00 0x01 0x0a 0x87                                          NOP;                                    NOP;                                                                                                                              VMAC.48 bm2, ya.s16, r0, c1, r0, wc1.s16, #0, c0, c2
.nohwbrkpt
.noswbrkpt
	  3258    0x00 0x00 0x00 0x00 0x10 0x00 0x00 0x0c 0x7a 0xbb 0x42 0xd8 0x20 0x30 0x10 0xa8  NOP;                NOP;                NOP;                          NOP;                          VLDA.SPIL wc1, [sp, #-608];   NOP;                                    VMAC.48 bm2, ya.s16, r12, c1, r0, wc1.s16, #8, c0, c2
.nohwbrkpt
.noswbrkpt
	  3274    0x80 0x00 0x00 0xc7 0x83 0xc4 0x27 0xf7                                                                                  NOP;                                                        VLDA.SPIL wr0, [sp, #-480];   NOP
.nohwbrkpt
.noswbrkpt
	  3282    0x16 0x86 0x7c 0x0d 0x1e 0x00 0x06 0xc0 0x00 0x00 0x85 0x4f                      VLDA wc1, [p1], m3;                     VST.48.SRSL aml1, s0, [p7], #32;NOP;                                                      NOP;                                    VMAC.48 bm2, ya.s16, r0, c1, r0, wc1.s16, #0, c0, c2
.nohwbrkpt
.noswbrkpt
	  3294    0xf0 0xb4 0x7d 0x82 0x03 0x01 0x0a 0x87                                          NOP;                                    VST.48.SRSL amh1, s0, [p7], #32;                                                                                                  VMAC.48 bm2, ya.s16, r12, c1, r0, wc1.s16, #8, c0, c2
.nohwbrkpt
.noswbrkpt
	  3302    0x80 0x00 0x00 0xc7 0x83 0xc8 0x27 0xf7                                                                                  NOP;                                                        VLDA.SPIL wr0, [sp, #-448];   NOP
.nohwbrkpt
.noswbrkpt
	  3310    0x80 0x00 0x05 0x80 0x00 0x01 0x0a 0x87                                          NOP;                                    NOP;                                                                                                                              VMAC.48 bm2, ya.s16, r0, c1, r0, wc1.s16, #0, c0, c2
.nohwbrkpt
.noswbrkpt
	  3318    0x80 0x00 0x05 0x82 0x03 0x01 0x0a 0x87                                          NOP;                                    NOP;                                                                                                                              VMAC.48 bm2, ya.s16, r12, c1, r0, wc1.s16, #8, c0, c2
.nohwbrkpt
.noswbrkpt
	  3326    0x80 0x00 0x05 0x80 0x00 0x01 0x0b 0x87                                          NOP;                                    NOP;                                                                                                                              VMAC.48 bm2, yd.s16, r0, c1, r0, wc1.s16, #0, c0, c2
.nohwbrkpt
.noswbrkpt
	  3334    0x80 0x00 0x05 0x82 0x03 0x01 0x0b 0x87                                          NOP;                                    NOP;                                                                                                                              VMAC.48 bm2, yd.s16, r12, c1, r0, wc1.s16, #8, c0, c2
.nohwbrkpt
.noswbrkpt
	  3342    0x80 0x00 0x05 0x80 0x00 0x01 0x0a 0x07                                          NOP;                                    NOP;                                                                                                                              VMAC.48 bm0, ya.s16, r0, c1, r0, wc1.s16, #0, c0, c2
.nohwbrkpt
.noswbrkpt
	  3350    0x80 0x00 0x05 0x82 0x03 0x01 0x0a 0x07                                          NOP;                                    NOP;                                                                                                                              VMAC.48 bm0, ya.s16, r12, c1, r0, wc1.s16, #8, c0, c2
.nohwbrkpt
.noswbrkpt
	  3358    0x80 0x00 0x05 0x80 0x00 0x01 0x0a 0x87                                          NOP;                                    NOP;                                                                                                                              VMAC.48 bm2, ya.s16, r0, c1, r0, wc1.s16, #0, c0, c2
.nohwbrkpt
.noswbrkpt
	  3366    0x80 0x00 0x05 0x82 0x03 0x01 0x0a 0x87                                          NOP;                                    NOP;                                                                                                                              VMAC.48 bm2, ya.s16, r12, c1, r0, wc1.s16, #8, c0, c2
.nohwbrkpt
.noswbrkpt
	  3374    0x00 0x01                                                                        NOP
.nohwbrkpt
.noswbrkpt
	  3376    0x00 0x01                                                                        NOP
.nohwbrkpt
.noswbrkpt
	  3378    0x00 0x01                                                                        NOP
.nohwbrkpt
.noswbrkpt
	  3380    0xf0 0x14 0x58 0x03                                                              NOP;                                    VST.48.SRSL aml0, s0, [p3], #32
.nohwbrkpt
.noswbrkpt
	  3384    0xf0 0x94 0x58 0x03                                                              NOP;                                    VST.48.SRSL amh0, s0, [p3], #32
.nohwbrkpt
.noswbrkpt
	  3388    0xf0 0x54 0x78 0x03                                                              NOP;                                    VST.48.SRSL aml2, s0, [p7], #32
.label ZLS_Fmatmul_i16_i32_3392
.loop_nesting 1
.begin_of_loop
	  3392    0x1a 0xa2 0xc0 0x00 0x07 0x0d 0x47 0xb7                                          VLDA wd0, [p3], #32;                    VST.48.SRSL amh2, s0, [p7], #32;NOP
	  3400    0x1e 0xa2 0xc9 0x51 0x20 0x00 0x00 0x17                                          VLDA wd1, [p3], #32;VLDB wc0, [p1], #32;                              NOP
	  3408    0x06 0xae 0x40 0x00 0x00 0x00 0x00 0x37                                          VLDA wr1, [p1], #224;                   NOP;                          NOP
	  3416    0x16 0xa2 0x40 0x00 0x00 0x00 0x00 0x37                                          VLDA wc1, [p1], #32;                    NOP;                          NOP
.noswbrkpt
	  3424    0x1a 0xa3 0xc1 0x7f 0xa0 0x00 0x00 0x17                                          VLDA wd0, [p7], #32;VLDB wr0, [sp, #-96];                             NOP
.nohwbrkpt
.noswbrkpt
	  3432    0x1e 0xa3 0xc0 0x00 0x00 0x00 0x00 0x37                                          VLDA wd1, [p7], #32;                    NOP;                          NOP
.nohwbrkpt
.noswbrkpt
	  3440    0x08 0xb9                                                                        VMOV.48.UPSL aml3, wd0, s0
.nohwbrkpt
.noswbrkpt
	  3442    0x48 0xa8 0x98 0x03                                                              NOP;                                                                                                VMOV wr0, wr2
.nohwbrkpt
.noswbrkpt
	  3446    0x1a 0xff 0xe4 0xf7 0x40 0x00 0x00 0x77                                          VLDA wd0, [sp, #-32];                                                 NOP;                          VMOV wd0, wd1
.nohwbrkpt
.noswbrkpt
	  3454    0x74 0xbf 0x08 0x08 0xf1 0x00 0x3e 0xc0 0x01 0x00 0x84 0x6f                      NOP;                                    VST wr1, [sp, #-512];                                       VMOV.48.UPSL amh3, wd0, s0;   NOP;                                    VMAC.48 bm3, ya.s16, r8, c1, r0, wc0.s16, #0, c0, c2
.nohwbrkpt
.noswbrkpt
	  3466    0x1a 0xff 0x80 0x00 0x10 0x00 0x00 0x60 0x22 0x40 0x00 0xd8 0x20 0x30 0x10 0x8c  VLDA wd0, [sp, #-64];NOP;               NOP;                          NOP;                          VMOV.48.UPSL aml1, wd0, s0;   NOP;                                    VMAC.48 bm3, ya.s16, r12, c1, r0, wc0.s16, #8, c0, c2
.nohwbrkpt
.noswbrkpt
	  3482    0x00 0x00 0x00 0x00 0x10 0x00 0x00 0x0c 0x7a 0x3c 0x02 0xd8 0x00 0x00 0x10 0xac  NOP;                NOP;                NOP;                          NOP;                          VLDA.SPIL wc0, [sp, #-512];   NOP;                                    VMAC.48 bm3, ya.s16, r0, c1, r0, wc1.s16, #0, c0, c2
.nohwbrkpt
.noswbrkpt
	  3498    0x1a 0xa2 0xcb 0x57 0x30 0x00 0x00 0x64 0xf7 0x40 0x00 0xd8 0x20 0x30 0x10 0xac  VLDA wd0, [p3], #32;VLDB wc1, [p1], #224;NOP;                         NOP;                          VMOV wd0, wd1;                NOP;                                    VMAC.48 bm3, ya.s16, r12, c1, r0, wc1.s16, #8, c0, c2
.nohwbrkpt
.noswbrkpt
	  3514    0x1e 0xba 0xe0 0x23 0x40 0x00 0x00 0x77                                          VLDA wd1, [p3], #-96;                                                 NOP;                          VMOV.48.UPSL amh1, wd0, s0
.nohwbrkpt
.noswbrkpt
	  3522    0x48 0xa8 0x98 0x03                                                              NOP;                                                                                                VMOV wr0, wr2
.nohwbrkpt
.noswbrkpt
	  3526    0x80 0x00 0x05 0x80 0x00 0x01 0x09 0x47                                          NOP;                                    NOP;                                                                                                                              VMAC.48 bm1, yd.s16, r0, c1, r0, wc0.s16, #0, c0, c2
.nohwbrkpt
.noswbrkpt
	  3534    0x80 0x00 0x05 0x82 0x03 0x01 0x09 0x47                                          NOP;                                    NOP;                                                                                                                              VMAC.48 bm1, yd.s16, r12, c1, r0, wc0.s16, #8, c0, c2
.nohwbrkpt
.noswbrkpt
	  3542    0x1a 0xa3 0xc1 0x7f 0xb0 0x00 0x00 0x40 0x00 0x00 0x00 0xd8 0x00 0x00 0x10 0xb4  VLDA wd0, [p7], #32;VLDB wr0, [sp, #-96];NOP;                         NOP;                          NOP;                          NOP;                                    VMAC.48 bm1, yd.s16, r0, c1, r0, wc1.s16, #0, c0, c2
.nohwbrkpt
.noswbrkpt
	  3558    0x1e 0xbb 0xc0 0x00 0x10 0x00 0x00 0x60 0x22 0x00 0x00 0xd8 0x20 0x30 0x10 0xb4  VLDA wd1, [p7], #-96;NOP;               NOP;                          NOP;                          VMOV.48.UPSL aml0, wd0, s0;   NOP;                                    VMAC.48 bm1, yd.s16, r12, c1, r0, wc1.s16, #8, c0, c2
.nohwbrkpt
.noswbrkpt
	  3574    0x80 0x00 0x00 0xc7 0x83 0xec 0x27 0xf7                                                                                  NOP;                                                        VLDA.SPIL wr0, [sp, #-160];   NOP
.nohwbrkpt
.noswbrkpt
	  3582    0x76 0xbf 0x00 0x00 0x01 0x27 0xa6 0xf7                                                                                  VST wc1, [sp, #-512];         NOP;                          VMOV wr1, wd1
.nohwbrkpt
.noswbrkpt
	  3590    0x48 0x6e 0x98 0x03                                                              NOP;                                                                                                VMOV wd0, wr1
.nohwbrkpt
.noswbrkpt
	  3594    0x1a 0xff 0xc0 0x00 0x10 0x00 0x00 0x60 0x23 0x00 0x00 0xd8 0x00 0x00 0x10 0x80  VLDA wd0, [sp, #-32];NOP;               NOP;                          NOP;                          VMOV.48.UPSL amh0, wd0, s0;   NOP;                                    VMAC.48 bm0, ya.s16, r0, c1, r0, wc0.s16, #0, c0, c2
.nohwbrkpt
.noswbrkpt
	  3610    0x00 0x00 0x08 0x08 0xa1 0x00 0x3e 0xc1 0x01 0x80 0x84 0x0f                      NOP;                                    NOP;                                                        VMOV.48.UPSL aml2, wd0, s0;   NOP;                                    VMAC.48 bm0, ya.s16, r12, c1, r0, wc0.s16, #8, c0, c2
.nohwbrkpt
.noswbrkpt
	  3622    0x12 0xa2 0x4d 0x7f 0x90 0x00 0x00 0x40 0x00 0x00 0x00 0xd8 0x00 0x00 0x10 0xa0  VLDA wc0, [p1], #32;VLDB wd0, [sp, #-128];NOP;                        NOP;                          NOP;                          NOP;                                    VMAC.48 bm0, ya.s16, r0, c1, r0, wc1.s16, #0, c0, c2
.nohwbrkpt
.noswbrkpt
	  3638    0x16 0xae 0x40 0x00 0x10 0x00 0x00 0x64 0xf4 0xc0 0x00 0xd8 0x20 0x30 0x10 0xa0  VLDA wc1, [p1], #224;NOP;               NOP;                          NOP;                          VMOV wr1, wd1;                NOP;                                    VMAC.48 bm0, ya.s16, r12, c1, r0, wc1.s16, #8, c0, c2
.nohwbrkpt
.noswbrkpt
	  3654    0x48 0x6e 0x98 0x03                                                              NOP;                                                                                                VMOV wd0, wr1
.nohwbrkpt
.noswbrkpt
	  3658    0x16 0xa2 0x60 0x23 0x80 0x00 0x00 0x77                                          VLDA wc1, [p1], #32;                                                  NOP;                          VMOV.48.UPSL amh2, wd0, s0
.nohwbrkpt
.noswbrkpt
	  3666    0x80 0x00 0x00 0xc7 0x83 0xe4 0x27 0xf7                                                                                  NOP;                                                        VLDA.SPIL wr0, [sp, #-224];   NOP
.nohwbrkpt
.noswbrkpt
	  3674    0x80 0x00 0x05 0x80 0x00 0x01 0x09 0x87                                          NOP;                                    NOP;                                                                                                                              VMAC.48 bm2, yd.s16, r0, c1, r0, wc0.s16, #0, c0, c2
.nohwbrkpt
.noswbrkpt
	  3682    0x12 0xae 0x4d 0x7e 0xf0 0x00 0x00 0x40 0x00 0x00 0x00 0xd8 0x20 0x30 0x10 0x98  VLDA wc0, [p1], #224;VLDB wd0, [sp, #-288];NOP;                       NOP;                          NOP;                          NOP;                                    VMAC.48 bm2, yd.s16, r12, c1, r0, wc0.s16, #8, c0, c2
.nohwbrkpt
.noswbrkpt
	  3698    0x80 0x00 0x05 0x80 0x00 0x01 0x08 0xc7                                          NOP;                                    NOP;                                                                                                                              VMAC.48 bm3, ya.s16, r0, c1, r0, wc0.s16, #0, c0, c2
.nohwbrkpt
.noswbrkpt
	  3706    0x00 0x00 0x00 0x00 0x10 0x00 0x00 0x0e 0xaf 0xd6 0x00 0xd8 0x00 0x00 0x10 0xa0  NOP;                NOP;                NOP;                          NOP;                          VST.SPIL wc1, [sp, #-672];    NOP;                                    VMAC.48 bm0, ya.s16, r0, c1, r0, wc1.s16, #0, c0, c2
.nohwbrkpt
.noswbrkpt
	  3722    0x80 0x00 0x05 0x82 0x03 0x01 0x0a 0x07                                          NOP;                                    NOP;                                                                                                                              VMAC.48 bm0, ya.s16, r12, c1, r0, wc1.s16, #8, c0, c2
.nohwbrkpt
.noswbrkpt
	  3730    0x00 0x00 0x00 0x00 0x10 0x00 0x00 0x0c 0x78 0x3e 0x82 0xd8 0x20 0x30 0x10 0x8c  NOP;                NOP;                NOP;                          NOP;                          VLDA.SPIL wr0, [sp, #-192];   NOP;                                    VMAC.48 bm3, ya.s16, r12, c1, r0, wc0.s16, #8, c0, c2
.nohwbrkpt
.noswbrkpt
	  3746    0x80 0x00 0x05 0x80 0x00 0x01 0x09 0x47                                          NOP;                                    NOP;                                                                                                                              VMAC.48 bm1, yd.s16, r0, c1, r0, wc0.s16, #0, c0, c2
.nohwbrkpt
.noswbrkpt
	  3754    0x16 0xa2 0x41 0x7f 0x10 0x00 0x00 0x40 0x00 0x00 0x00 0xd8 0x20 0x30 0x10 0x94  VLDA wc1, [p1], #32;VLDB wr0, [sp, #-256];NOP;                        NOP;                          NOP;                          NOP;                                    VMAC.48 bm1, yd.s16, r12, c1, r0, wc0.s16, #8, c0, c2
.nohwbrkpt
.noswbrkpt
	  3770    0x12 0xae 0x40 0x00 0x10 0x00 0x00 0x0e 0x8f 0xdc 0x00 0xd8 0x00 0x00 0x10 0x80  VLDA wc0, [p1], #224;NOP;               NOP;                          NOP;                          VST.SPIL wc0, [sp, #-576];    NOP;                                    VMAC.48 bm0, ya.s16, r0, c1, r0, wc0.s16, #0, c0, c2
.nohwbrkpt
.noswbrkpt
	  3786    0x80 0x00 0x05 0x80 0x00 0x01 0x0a 0xc7                                          NOP;                                    NOP;                                                                                                                              VMAC.48 bm3, ya.s16, r0, c1, r0, wc1.s16, #0, c0, c2
.nohwbrkpt
.noswbrkpt
	  3794    0x00 0x00 0x00 0x00 0x10 0x00 0x00 0x0c 0x78 0x3d 0x42 0xd8 0x20 0x30 0x10 0x80  NOP;                NOP;                NOP;                          NOP;                          VLDA.SPIL wr0, [sp, #-352];   NOP;                                    VMAC.48 bm0, ya.s16, r12, c1, r0, wc0.s16, #8, c0, c2
.nohwbrkpt
.noswbrkpt
	  3810    0x16 0xa2 0x60 0x00 0x00 0x00 0x06 0xc1 0x01 0x80 0x85 0x6f                      VLDA wc1, [p1], #32;                    NOP;                          NOP;                                                        NOP;                                    VMAC.48 bm3, ya.s16, r12, c1, r0, wc1.s16, #8, c0, c2
.nohwbrkpt
.noswbrkpt
	  3822    0x80 0x00 0x05 0x80 0x00 0x01 0x0a 0x47                                          NOP;                                    NOP;                                                                                                                              VMAC.48 bm1, ya.s16, r0, c1, r0, wc1.s16, #0, c0, c2
.nohwbrkpt
.noswbrkpt
	  3830    0x12 0xae 0x4d 0x7e 0x70 0x00 0x00 0x40 0x00 0x00 0x00 0xd8 0x20 0x30 0x10 0xa4  VLDA wc0, [p1], #224;VLDB wd0, [sp, #-416];NOP;                       NOP;                          NOP;                          NOP;                                    VMAC.48 bm1, ya.s16, r12, c1, r0, wc1.s16, #8, c0, c2
.nohwbrkpt
.noswbrkpt
	  3846    0x80 0x00 0x05 0x80 0x00 0x01 0x0a 0x47                                          NOP;                                    NOP;                                                                                                                              VMAC.48 bm1, ya.s16, r0, c1, r0, wc1.s16, #0, c0, c2
.nohwbrkpt
.noswbrkpt
	  3854    0x00 0x00 0x00 0x00 0x10 0x00 0x00 0x0e 0x8f 0xd8 0x00 0xd8 0x00 0x00 0x10 0xbc  NOP;                NOP;                NOP;                          NOP;                          VST.SPIL wc0, [sp, #-640];    NOP;                                    VMAC.48 bm3, yd.s16, r0, c1, r0, wc1.s16, #0, c0, c2
.nohwbrkpt
.noswbrkpt
	  3870    0x12 0xa2 0x60 0x00 0x00 0x00 0x06 0xc1 0x01 0x80 0x85 0x2f                      VLDA wc0, [p1], #32;                    NOP;                          NOP;                                                        NOP;                                    VMAC.48 bm1, ya.s16, r12, c1, r0, wc1.s16, #8, c0, c2
.nohwbrkpt
.noswbrkpt
	  3882    0x00 0x00 0x00 0x00 0x10 0x00 0x00 0x0c 0x78 0x3d 0x82 0xd8 0x20 0x30 0x10 0xbc  NOP;                NOP;                NOP;                          NOP;                          VLDA.SPIL wr0, [sp, #-320];   NOP;                                    VMAC.48 bm3, yd.s16, r12, c1, r0, wc1.s16, #8, c0, c2
.nohwbrkpt
.noswbrkpt
	  3898    0x80 0x00 0x05 0x80 0x00 0x01 0x09 0x07                                          NOP;                                    NOP;                                                                                                                              VMAC.48 bm0, yd.s16, r0, c1, r0, wc0.s16, #0, c0, c2
.nohwbrkpt
.noswbrkpt
	  3906    0x16 0xae 0x41 0x7e 0x30 0x00 0x00 0x40 0x00 0x00 0x00 0xd8 0x20 0x30 0x10 0x90  VLDA wc1, [p1], #224;VLDB wr0, [sp, #-480];NOP;                       NOP;                          NOP;                          NOP;                                    VMAC.48 bm0, yd.s16, r12, c1, r0, wc0.s16, #8, c0, c2
.nohwbrkpt
.noswbrkpt
	  3922    0x00 0x00 0x00 0x00 0x10 0x00 0x00 0x0e 0x8f 0xd4 0x00 0xd8 0x00 0x00 0x10 0x80  NOP;                NOP;                NOP;                          NOP;                          VST.SPIL wc0, [sp, #-704];    NOP;                                    VMAC.48 bm0, ya.s16, r0, c1, r0, wc0.s16, #0, c0, c2
.nohwbrkpt
.noswbrkpt
	  3938    0x16 0xa2 0x60 0x00 0x00 0x00 0x06 0xc0 0x00 0x00 0x85 0x6f                      VLDA wc1, [p1], #32;                    NOP;                          NOP;                                                        NOP;                                    VMAC.48 bm3, ya.s16, r0, c1, r0, wc1.s16, #0, c0, c2
.nohwbrkpt
.noswbrkpt
	  3950    0x80 0x00 0x05 0x82 0x03 0x01 0x08 0x07                                          NOP;                                    NOP;                                                                                                                              VMAC.48 bm0, ya.s16, r12, c1, r0, wc0.s16, #8, c0, c2
.nohwbrkpt
.noswbrkpt
	  3958    0x00 0x00 0x00 0x00 0x10 0x00 0x00 0x0c 0x7b 0x3f 0x82 0xd8 0x20 0x30 0x10 0xac  NOP;                NOP;                NOP;                          NOP;                          VLDA.SPIL wd0, [sp, #-64];    NOP;                                    VMAC.48 bm3, ya.s16, r12, c1, r0, wc1.s16, #8, c0, c2
.nohwbrkpt
.noswbrkpt
	  3974    0x80 0x00 0x05 0x80 0x00 0x01 0x0a 0x47                                          NOP;                                    NOP;                                                                                                                              VMAC.48 bm1, ya.s16, r0, c1, r0, wc1.s16, #0, c0, c2
.nohwbrkpt
.noswbrkpt
	  3982    0x00 0x00 0x00 0x00 0x10 0x00 0x00 0x0c 0x7a 0xbc 0x02 0xd8 0x20 0x30 0x10 0xa4  NOP;                NOP;                NOP;                          NOP;                          VLDA.SPIL wc1, [sp, #-512];   NOP;                                    VMAC.48 bm1, ya.s16, r12, c1, r0, wc1.s16, #8, c0, c2
.nohwbrkpt
.noswbrkpt
	  3998    0x00 0x00 0x00 0x00 0x10 0x00 0x00 0x0e 0xaf 0xda 0x00 0xd8 0x00 0x00 0x10 0xb0  NOP;                NOP;                NOP;                          NOP;                          VST.SPIL wc1, [sp, #-608];    NOP;                                    VMAC.48 bm0, yd.s16, r0, c1, r0, wc1.s16, #0, c0, c2
.nohwbrkpt
.noswbrkpt
	  4014    0x00 0x00 0x00 0x00 0x10 0x00 0x00 0x0c 0x7b 0x3d 0x02 0xd8 0x20 0x30 0x10 0xb0  NOP;                NOP;                NOP;                          NOP;                          VLDA.SPIL wd0, [sp, #-384];   NOP;                                    VMAC.48 bm0, yd.s16, r12, c1, r0, wc1.s16, #8, c0, c2
.nohwbrkpt
.noswbrkpt
	  4030    0x00 0x00 0x00 0x00 0x10 0x00 0x00 0x0e 0xaf 0xde 0x00 0xd8 0x00 0x00 0x10 0x9c  NOP;                NOP;                NOP;                          NOP;                          VST.SPIL wc1, [sp, #-544];    NOP;                                    VMAC.48 bm3, yd.s16, r0, c1, r0, wc0.s16, #0, c0, c2
.nohwbrkpt
.noswbrkpt
	  4046    0x00 0x00 0x00 0x00 0x10 0x00 0x00 0x0c 0x7a 0xbb 0xc2 0xd8 0x20 0x30 0x10 0x9c  NOP;                NOP;                NOP;                          NOP;                          VLDA.SPIL wc1, [sp, #-544];   NOP;                                    VMAC.48 bm3, yd.s16, r12, c1, r0, wc0.s16, #8, c0, c2
.nohwbrkpt
.noswbrkpt
	  4062    0x00 0x00 0x00 0x00 0x10 0x00 0x00 0x0c 0x78 0x3c 0x82 0xd8 0x00 0x00 0x10 0xac  NOP;                NOP;                NOP;                          NOP;                          VLDA.SPIL wr0, [sp, #-448];   NOP;                                    VMAC.48 bm3, ya.s16, r0, c1, r0, wc1.s16, #0, c0, c2
.nohwbrkpt
.noswbrkpt
	  4078    0x00 0x00 0x00 0x00 0x10 0x00 0x00 0x0c 0x7b 0x3f 0x02 0xd8 0x20 0x30 0x10 0xac  NOP;                NOP;                NOP;                          NOP;                          VLDA.SPIL wd0, [sp, #-128];   NOP;                                    VMAC.48 bm3, ya.s16, r12, c1, r0, wc1.s16, #8, c0, c2
.nohwbrkpt
.noswbrkpt
	  4094    0x00 0x00 0x00 0x00 0x10 0x00 0x00 0x0c 0x7a 0xba 0xc2 0xd8 0x00 0x00 0x10 0xb8  NOP;                NOP;                NOP;                          NOP;                          VLDA.SPIL wc1, [sp, #-672];   NOP;                                    VMAC.48 bm2, yd.s16, r0, c1, r0, wc1.s16, #0, c0, c2
.nohwbrkpt
.noswbrkpt
	  4110    0x00 0x00 0x00 0x00 0x10 0x00 0x00 0x0c 0x78 0x3e 0x82 0xd8 0x20 0x30 0x10 0xb8  NOP;                NOP;                NOP;                          NOP;                          VLDA.SPIL wr0, [sp, #-192];   NOP;                                    VMAC.48 bm2, yd.s16, r12, c1, r0, wc1.s16, #8, c0, c2
.nohwbrkpt
.noswbrkpt
	  4126    0x00 0x00 0x00 0x00 0x10 0x00 0x00 0x0c 0x7a 0xbb 0x82 0xd8 0x00 0x00 0x10 0x94  NOP;                NOP;                NOP;                          NOP;                          VLDA.SPIL wc1, [sp, #-576];   NOP;                                    VMAC.48 bm1, yd.s16, r0, c1, r0, wc0.s16, #0, c0, c2
.nohwbrkpt
.noswbrkpt
	  4142    0x80 0x00 0x05 0x82 0x03 0x01 0x09 0x47                                          NOP;                                    NOP;                                                                                                                              VMAC.48 bm1, yd.s16, r12, c1, r0, wc0.s16, #8, c0, c2
.nohwbrkpt
.noswbrkpt
	  4150    0x80 0x00 0x00 0xc7 0x83 0xe0 0x27 0xf7                                                                                  NOP;                                                        VLDA.SPIL wr0, [sp, #-256];   NOP
.nohwbrkpt
.noswbrkpt
	  4158    0x00 0x00 0x00 0x00 0x1e 0x0e 0x8b 0x0c 0x7a 0xbb 0x02 0xd8 0x00 0x00 0x10 0xa4  NOP;                NOP;                VST.48.SRSL aml3, s0, [p3], #32;NOP;                        VLDA.SPIL wc1, [sp, #-640];   NOP;                                    VMAC.48 bm1, ya.s16, r0, c1, r0, wc1.s16, #0, c0, c2
.nohwbrkpt
.noswbrkpt
	  4174    0xf0 0xf4 0x5d 0x82 0x03 0x01 0x0a 0x47                                          NOP;                                    VST.48.SRSL amh3, s0, [p3], #32;                                                                                                  VMAC.48 bm1, ya.s16, r12, c1, r0, wc1.s16, #8, c0, c2
.nohwbrkpt
.noswbrkpt
	  4182    0x00 0x00 0x00 0x00 0x10 0x00 0x00 0x0c 0x78 0x3d 0x82 0xd8 0x00 0x00 0x10 0xb8  NOP;                NOP;                NOP;                          NOP;                          VLDA.SPIL wr0, [sp, #-320];   NOP;                                    VMAC.48 bm2, yd.s16, r0, c1, r0, wc1.s16, #0, c0, c2
.nohwbrkpt
.noswbrkpt
	  4198    0x00 0x00 0x00 0x00 0x10 0x00 0x00 0x0c 0x7a 0xba 0x82 0xd8 0x20 0x30 0x10 0xb8  NOP;                NOP;                NOP;                          NOP;                          VLDA.SPIL wc1, [sp, #-704];   NOP;                                    VMAC.48 bm2, yd.s16, r12, c1, r0, wc1.s16, #8, c0, c2
.nohwbrkpt
.noswbrkpt
	  4214    0x00 0x00 0x00 0x00 0x10 0x00 0x00 0x0c 0x7b 0x3d 0x02 0xd8 0x00 0x00 0x10 0xa8  NOP;                NOP;                NOP;                          NOP;                          VLDA.SPIL wd0, [sp, #-384];   NOP;                                    VMAC.48 bm2, ya.s16, r0, c1, r0, wc1.s16, #0, c0, c2
.nohwbrkpt
.noswbrkpt
	  4230    0x00 0x00 0x00 0x00 0x10 0x00 0x00 0x0c 0x7a 0xbb 0x42 0xd8 0x20 0x30 0x10 0xa8  NOP;                NOP;                NOP;                          NOP;                          VLDA.SPIL wc1, [sp, #-608];   NOP;                                    VMAC.48 bm2, ya.s16, r12, c1, r0, wc1.s16, #8, c0, c2
.nohwbrkpt
.noswbrkpt
	  4246    0x80 0x00 0x00 0xc7 0x83 0xc4 0x27 0xf7                                                                                  NOP;                                                        VLDA.SPIL wr0, [sp, #-480];   NOP
.nohwbrkpt
.noswbrkpt
	  4254    0x16 0x86 0x7c 0x0d 0x1e 0x00 0x06 0xc0 0x00 0x00 0x85 0x4f                      VLDA wc1, [p1], m3;                     VST.48.SRSL aml1, s0, [p7], #32;NOP;                                                      NOP;                                    VMAC.48 bm2, ya.s16, r0, c1, r0, wc1.s16, #0, c0, c2
.nohwbrkpt
.noswbrkpt
	  4266    0xf0 0xb4 0x7d 0x82 0x03 0x01 0x0a 0x87                                          NOP;                                    VST.48.SRSL amh1, s0, [p7], #32;                                                                                                  VMAC.48 bm2, ya.s16, r12, c1, r0, wc1.s16, #8, c0, c2
.nohwbrkpt
.noswbrkpt
	  4274    0x80 0x00 0x00 0xc7 0x83 0xc8 0x27 0xf7                                                                                  NOP;                                                        VLDA.SPIL wr0, [sp, #-448];   NOP
.nohwbrkpt
.noswbrkpt
	  4282    0x80 0x00 0x05 0x80 0x00 0x01 0x0a 0x87                                          NOP;                                    NOP;                                                                                                                              VMAC.48 bm2, ya.s16, r0, c1, r0, wc1.s16, #0, c0, c2
.nohwbrkpt
.noswbrkpt
	  4290    0x80 0x00 0x05 0x82 0x03 0x01 0x0a 0x87                                          NOP;                                    NOP;                                                                                                                              VMAC.48 bm2, ya.s16, r12, c1, r0, wc1.s16, #8, c0, c2
.nohwbrkpt
.noswbrkpt
	  4298    0x80 0x00 0x05 0x80 0x00 0x01 0x0b 0x87                                          NOP;                                    NOP;                                                                                                                              VMAC.48 bm2, yd.s16, r0, c1, r0, wc1.s16, #0, c0, c2
.nohwbrkpt
.noswbrkpt
	  4306    0x80 0x00 0x05 0x82 0x03 0x01 0x0b 0x87                                          NOP;                                    NOP;                                                                                                                              VMAC.48 bm2, yd.s16, r12, c1, r0, wc1.s16, #8, c0, c2
.nohwbrkpt
.noswbrkpt
	  4314    0x80 0x00 0x05 0x80 0x00 0x01 0x0a 0x07                                          NOP;                                    NOP;                                                                                                                              VMAC.48 bm0, ya.s16, r0, c1, r0, wc1.s16, #0, c0, c2
.nohwbrkpt
.noswbrkpt
	  4322    0x80 0x00 0x05 0x82 0x03 0x01 0x0a 0x07                                          NOP;                                    NOP;                                                                                                                              VMAC.48 bm0, ya.s16, r12, c1, r0, wc1.s16, #8, c0, c2
	  4330    0x80 0x00 0x05 0x80 0x00 0x01 0x0a 0x87                                          NOP;                                    NOP;                                                                                                                              VMAC.48 bm2, ya.s16, r0, c1, r0, wc1.s16, #0, c0, c2
	  4338    0x80 0x00 0x05 0x82 0x03 0x01 0x0a 0x87                                          NOP;                                    NOP;                                                                                                                              VMAC.48 bm2, ya.s16, r12, c1, r0, wc1.s16, #8, c0, c2
	  4346    0x00 0x01                                                                        NOP
	  4348    0x00 0x01                                                                        NOP
	  4350    0x00 0x01                                                                        NOP
	  4352    0xf0 0x14 0x58 0x03                                                              NOP;                                    VST.48.SRSL aml0, s0, [p3], #32
	  4356    0x00 0x00 0x00 0x00 0x1c 0x25 0x16 0x00 0x00 0x00 0x00 0x1f                      NOP;                NOP;                VST.48.SRSL amh0, s0, [p3], #32;NOP;                        NOP
.label ZLE_Fmatmul_i16_i32_4368
.end_of_loop
	  4368    0x00 0x00 0x00 0x00 0x0e 0x0a 0x8f 0x00 0x00 0x00 0x00 0x00 0x00 0x00 0x00 0x02  NOP;                NOP;                VST.48.SRSL aml2, s0, [p7], #32;NOP;                        NOP;                          NOP;                                    NOP
.loop_nesting 0
	  4384    0x01 0x01                                                                        RET lr
.delay_slot
	  4386    0xf0 0xd4 0x78 0x03                                                              NOP;                                    VST.48.SRSL amh2, s0, [p7], #32
.delay_slot
	  4390    0xa0 0x10 0x48 0x03                                                              NOP;                                    PADDS [p1], m1
.delay_slot
	  4394    0x00 0x00 0x3a 0x81 0x02 0x01 0x00 0x37                                          NOP;                                    PADDS [p0], m0;               MOV.s12 m0, #-704
.delay_slot
	  4402    0x08 0x90 0x04 0xbb 0xd4 0x02 0x12 0x77                                          PADDA [sp], m0;                         PADDS [p2], m2;                                             MOV p7, cl3
.label matmul_i16_i32__end last
.delay_slot
	  4410    0x04 0x00 0x10 0x03                                                              NOP;                                                                  EVENT #1

.text_segment_name
.text global 10 matmul_scalar_i16_i32
.function_start
	     0    0x30 0x10 0x19 0xc8 0x00 0x80 0x00 0x04 0x06 0x00 0x80 0x3f                      MOV.s10 m0, #64;    MOV.s9 r9, #64;                                   EVENT #0;                     MOV.u20 ls, #(ZLS_Fmatmul_scalar_i16_i32_128 + 0);NOP
	    12    0x00 0x00 0x1d 0xc3 0xec 0x01 0x42 0x04 0x06 0xc0 0xb0 0x3f                      NOP;                MOV.s9 r13, #31;                                  MOV.s12 m1, #-2046;           MOV.u20 le, #(ZLE_Fmatmul_scalar_i16_i32_176 + 0);NOP
	    24    0xa3 0x25                                                                        MOV r2, p0
	    26    0xa7 0xe5                                                                        MOV r14, p1
	    28    0x80 0x00 0x00 0x40 0x40 0x04 0x07 0xf7                                                                                  NOP;                                                        MOV.u20 cb0, #(TGT_Fmatmul_scalar_i16_i32_64 + 0);NOP
	    36    0x00 0x00 0x00 0x00 0x10 0x00 0x00 0x04 0x04 0x40 0x30 0x3f                      NOP;                NOP;                NOP;                                                        MOV.u20 cb1, #(TGT_Fmatmul_scalar_i16_i32_48 + 0);NOP
.label TGT_Fmatmul_scalar_i16_i32_48
.loop_nesting 1
	    48    0x00 0x00 0x00 0x00 0x00 0x00 0x00 0x07 0xea 0x40 0x20 0x3f 0xf0 0x00 0x00 0x02  NOP;                NOP;                NOP;                          MOV.s12 r14, #31;             MOV p1, r14;                  NOP;                                    NOP
.label TGT_Fmatmul_scalar_i16_i32_64
.loop_nesting 2
	    64    0x90 0x80 0x5f 0xc0 0x00 0x00 0x01 0x01 0xd1 0x07 0x2a 0x1f                      LDA.s16 r0, [p1], m0;MOV.s9 r15, #0;    NOP;                          MOV.s12 lc, #29;              MOV p0, r2
	    76    0x91 0xa4 0x00 0x00 0x00 0x00 0x00 0x37                                          LDA.s16 r1, [p0], #2;                   NOP;                          NOP
.noswbrkpt
	    84    0x90 0x80 0x40 0x00 0x00 0x00 0x00 0x37                                          LDA.s16 r0, [p1], m0;                   NOP;                          NOP
.nohwbrkpt
.noswbrkpt
	    92    0x91 0xa4 0x00 0x00 0x00 0x00 0x00 0x37                                          LDA.s16 r1, [p0], #2;                   NOP;                          NOP
.nohwbrkpt
.noswbrkpt
	   100    0x00 0x01                                                                        NOP
.nohwbrkpt
.noswbrkpt
	   102    0x00 0x01                                                                        NOP
.nohwbrkpt
.noswbrkpt
	   104    0x90 0x80 0x40 0x00 0x00 0x00 0x00 0x37                                          LDA.s16 r0, [p1], m0;                   NOP;                          NOP
.nohwbrkpt
.noswbrkpt
	   112    0x91 0xa4 0x00 0x00 0x00 0x00 0x00 0x37                                          LDA.s16 r1, [p0], #2;                   NOP;                          NOP
.nohwbrkpt
.noswbrkpt
	   120    0x00 0x00 0x00 0x03                                                              NOP;                                                                  NOP
.nohwbrkpt
.noswbrkpt
	   124    0x37 0x10 0x30 0x03                                                              NOP;                                                                  MUL r3, r0, r1
.label ZLS_Fmatmul_scalar_i16_i32_128
.loop_nesting 3
.begin_of_loop
.nohwbrkpt
.noswbrkpt
	   128    0x90 0x80 0x40 0x00 0x00 0x00 0x00 0x00 0x00 0x00 0x00 0x00 0x00 0x00 0x00 0x02  LDA.s16 r0, [p1], m0;NOP;               NOP;                          NOP;                          NOP;                          NOP;                                    NOP
.nohwbrkpt
.noswbrkpt
	   144    0x91 0xa4 0x00 0x00 0x00 0x00 0x00 0x00 0x00 0x00 0x00 0x00 0x00 0x00 0x00 0x02  LDA.s16 r1, [p0], #2;NOP;               NOP;                          NOP;                          NOP;                          NOP;                                    NOP
.nohwbrkpt
.noswbrkpt
	   160    0x00 0x00 0x00 0x00 0x00 0x00 0x00 0x00 0x00 0x00 0x18 0x79 0xf8 0x00 0x00 0x02  NOP;                NOP;                NOP;                          ADD r15, r3, r15;             NOP;                          NOP;                                    NOP
.label ZLE_Fmatmul_scalar_i16_i32_176
.end_of_loop
.nohwbrkpt
.noswbrkpt
	   176    0x00 0x00 0x00 0x00 0x00 0x00 0x00 0x00 0x00 0x00 0x1b 0x88 0x18 0x00 0x00 0x02  NOP;                NOP;                NOP;                          MUL r3, r0, r1;               NOP;                          NOP;                                    NOP
.loop_nesting 2
.nohwbrkpt
.noswbrkpt
	   192    0x6b 0xd0 0xb8 0x03                                                              NOP;                LDB r5, [p2]
.nohwbrkpt
.noswbrkpt
	   196    0x00 0x01                                                                        NOP
.nohwbrkpt
.noswbrkpt
	   198    0x30 0xf3 0xf0 0x03                                                              NOP;                                                                  ADD r15, r3, r15
.nohwbrkpt
.noswbrkpt
	   202    0x37 0x10 0x30 0x03                                                              NOP;                                                                  MUL r3, r0, r1
	   206    0x00 0x01                                                                        NOP
.noswbrkpt
	   208    0x37 0x10 0x30 0x03                                                              NOP;                                                                  MUL r3, r0, r1
.nohwbrkpt
.noswbrkpt
	   212    0x30 0xf3 0xf0 0x03                                                              NOP;                                                                  ADD r15, r3, r15
	   216    0x00 0x01                                                                        NOP
	   218    0x03 0x8e 0xe0 0x03                                                              NOP;                                                                  BDEC r14, r14, cb0
.delay_slot
.swstall delay_slot
	   222    0x00 0x01                                                                        NOP
.delay_slot
.swstall delay_slot
	   224    0x00 0x01                                                                        NOP
.delay_slot
	   226    0x30 0xf3 0xf0 0x03                                                              NOP;                                                                  ADD r15, r3, r15
.delay_slot
	   230    0x08 0x82 0x46 0x8c 0x86 0x1e 0xbe 0x77                                          PADDA [p1], m1;                                                       ADD r15, r5, r15;             MOV r2, p0
.delay_slot
	   238    0x00 0x00 0x12 0x01 0x12 0xff 0x45 0x37                                          NOP;                                    ST r15, [p2], #4;             ADD r2, r2, #-64
.loop_nesting 1
	   246    0x03 0x9d 0xd0 0x03                                                              NOP;                                                                  BDEC r13, r13, cb1
.delay_slot
	   250    0x00 0x00 0x06 0x9f 0x86 0x12 0x44 0x77                                          NOP;                                                                  ADD r2, r2, r9;               MOV r14, p1
.delay_slot
	   258    0x24 0x0e 0xe0 0x03                                                              NOP;                                                                  ADD r14, r14, #-64
.delay_slot
.swstall delay_slot
	   262    0x00 0x01                                                                        NOP
.delay_slot
.swstall delay_slot
	   264    0x00 0x01                                                                        NOP
.delay_slot
.swstall delay_slot
	   266    0x00 0x01                                                                        NOP
.loop_nesting 0
	   268    0x01 0x01                                                                        RET lr
.delay_slot
	   270    0x04 0x00 0x10 0x03                                                              NOP;                                                                  EVENT #1
.delay_slot
.swstall delay_slot
	   274    0x00 0x01                                                                        NOP
.delay_slot
.swstall delay_slot
	   276    0x00 0x01                                                                        NOP
.delay_slot
.swstall delay_slot
	   278    0x00 0x01                                                                        NOP
.label matmul_scalar_i16_i32__end last
.delay_slot
.swstall delay_slot
	   280    0x00 0x01                                                                        NOP

.text_segment_name
.text global 10 zero_i32
.function_start
	     0    0xa3 0x95                                                                        MOV r9, p0
	     2    0x80 0x00 0x00 0x40 0xe1 0x00 0x07 0xf7                                                                                  NOP;                                                        MOV.u20 r8, #4096;            NOP
	    10    0x30 0x98 0xd0 0x03                                                              NOP;                                                                  ADD r13, r8, r9
	    14    0x3c 0xd9 0x80 0x03                                                              NOP;                                                                  GEU r8, r9, r13
	    18    0x80 0x00 0x00 0x91 0x00 0x0d 0x07 0xf7                                                                                  NOP;                                                        BNEZ r8,#TGT_Fzero_i32_208;   NOP
.delay_slot
	    26    0x80 0x00 0x00 0x40 0xa4 0x00 0x07 0xf7                                                                                  NOP;                                                        MOV.u20 p1, #ZERO;            NOP
.delay_slot
	    34    0x00 0x00 0x05 0x68 0x20 0x80 0x00 0x17                                          NOP;                VLDB wr2, [p1];                                   EVENT #0
.delay_slot
.swstall delay_slot
	    42    0x00 0x01                                                                        NOP
.delay_slot
.swstall delay_slot
	    44    0x00 0x01                                                                        NOP
.delay_slot
.swstall delay_slot
	    46    0x00 0x01                                                                        NOP
	    48    0x00 0x00 0x1e 0xff 0x60 0x00 0x00 0xc6 0x76 0x30 0x1f 0x1f                      NOP;                MOV.s9 r14, #-5;    NOP;                          SUB r8, r13, r9;              MOV.s8 r12, #1
	    60    0x27 0xf8 0x80 0x40 0x60 0x0c 0x07 0xf7                                                                                                                ADD r8, r8, #-1;              MOV.u20 ls, #(ZLS_Fzero_i32_192 + 0);NOP
	    68    0x22 0x09 0x90 0x40 0x6c 0x0c 0x07 0xf7                                                                                                                ADD r9, r9, #32;              MOV.u20 le, #(ZLS_Fzero_i32_192 + 0);NOP
	    76    0x3f 0xe8 0x80 0x03                                                              NOP;                                                                  ASHL r8, r8, r14
	    80    0x3d 0xd9 0x00 0x03                                                              NOP;                                                                  LTU r0, r9, r13
	    84    0x20 0x18 0x80 0x03                                                              NOP;                                                                  ADD r8, r8, #1
	    88    0x1f 0xc8 0x80 0x03                                                              NOP;                                                                  ITE_NEZ r8, r8, r12, r0
	    92    0x1c 0x08 0x00 0x03                                                              NOP;                                                                  ADD lc, r8, #0
	    96    0x00 0x00 0x00 0x00 0x00 0x00 0x00 0x00 0x00 0x00 0x00 0x00 0x00 0x00 0x00 0x02  NOP;                NOP;                NOP;                          NOP;                          NOP;                          NOP;                                    NOP
	   112    0x00 0x00 0x00 0x00 0x00 0x00 0x00 0x00 0x00 0x00 0x00 0x00 0x00 0x00 0x00 0x02  NOP;                NOP;                NOP;                          NOP;                          NOP;                          NOP;                                    NOP
	   128    0x00 0x00 0x00 0x00 0x00 0x00 0x00 0x00 0x00 0x00 0x00 0x00 0x00 0x00 0x00 0x02  NOP;                NOP;                NOP;                          NOP;                          NOP;                          NOP;                                    NOP
	   144    0x00 0x00 0x00 0x00 0x00 0x00 0x00 0x00 0x00 0x00 0x00 0x00 0x00 0x00 0x00 0x02  NOP;                NOP;                NOP;                          NOP;                          NOP;                          NOP;                                    NOP
	   160    0x00 0x00 0x00 0x00 0x00 0x00 0x00 0x00 0x00 0x00 0x00 0x00 0x00 0x00 0x00 0x02  NOP;                NOP;                NOP;                          NOP;                          NOP;                          NOP;                                    NOP
	   176    0x00 0x00 0x00 0x00 0x00 0x00 0x00 0x00 0x00 0x00 0x00 0x00 0x00 0x00 0x00 0x02  NOP;                NOP;                NOP;                          NOP;                          NOP;                          NOP;                                    NOP
.label ZLS_Fzero_i32_192
.loop_nesting 1
.begin_of_loop
.end_of_loop
	   192    0x00 0x00 0x00 0x00 0x07 0x52 0x88 0x00 0x00 0x00 0x00 0x00 0x00 0x00 0x00 0x02  NOP;                NOP;                VST wr2, [p0], #32;           NOP;                          NOP;                          NOP;                                    NOP
.label TGT_Fzero_i32_208
.loop_nesting 0
	   208    0x01 0x01                                                                        RET lr
.delay_slot
	   210    0x04 0x00 0x10 0x03                                                              NOP;                                                                  EVENT #1
.delay_slot
.swstall delay_slot
	   214    0x00 0x01                                                                        NOP
.delay_slot
.swstall delay_slot
	   216    0x00 0x01                                                                        NOP
.delay_slot
.swstall delay_slot
	   218    0x00 0x01                                                                        NOP
.label zero_i32__end last
.delay_slot
.swstall delay_slot
	   220    0x00 0x01                                                                        NOP

.undef global data ZERO

.text_segment_name
.text global 10 zero_scalar_i32
.tail_call
.function_start
	     0    0x80 0x00 0x00 0xa0 0x00 0x00 0x07 0xf7                                                                                  NOP;                                                        J #memset;                    NOP
.delay_slot
	     8    0x3e 0x00 0x00 0x00 0x10 0x00 0x00 0x00 0x0d 0xd0 0x00 0x3f                      MOV.s10 r6, #0;     NOP;                NOP;                                                        MOV.s20 r7, #4096;            NOP
.delay_slot
	    20    0xa2 0x95                                                                        MOV p1, p0
.delay_slot
.swstall delay_slot
	    22    0x00 0x01                                                                        NOP
.delay_slot
.swstall delay_slot
	    24    0x00 0x01                                                                        NOP
.label zero_scalar_i32__end last
.delay_slot
.swstall delay_slot
	    26    0x00 0x01                                                                        NOP

.undef global text memset



.direct_eval +,-,(,)
